Price,Close,High,Low,Open,Volume
Ticker,RRKABEL.NS,RRKABEL.NS,RRKABEL.NS,RRKABEL.NS,RRKABEL.NS
Date,,,,,
2023-09-20,1182.2838134765625,1196.740924368524,1121.8398581958359,1164.4713017348136,15023438
2023-09-21,1162.0042724609375,1215.787060443206,1143.74772975136,1179.175315102182,2120327
2023-09-22,1165.7542724609375,1176.8562237206497,1135.902359073711,1168.418692577716,744549
2023-09-25,1165.211669921875,1174.3399425848243,1149.1755152437208,1167.4320605696194,470152
2023-09-26,1176.9549560546875,1179.2246161735477,1155.9846023849682,1168.4187644681183,327002
2023-09-27,1184.1588134765625,1207.793707819821,1168.4187609549958,1179.224612627935,467360
2023-09-28,1252.4482421875,1275.934966261571,1185.2444498265486,1191.0667105343944,1565376
2023-09-29,1381.52685546875,1408.0236105513277,1262.2672443555398,1268.0896254836118,2231718
2023-10-03,1390.6060791015625,1437.4316047088296,1338.2541512593157,1405.4086840940274,1776987
2023-10-04,1383.8953857421875,1395.3920986249104,1358.484249575574,1391.4447376669898,682742
2023-10-05,1464.421630859375,1504.8820835975687,1372.1520618100799,1389.5205476493065,2154615
2023-10-06,1483.023681640625,1503.648547965275,1461.1157542500225,1465.4084855508595,922131
2023-10-09,1423.862548828125,1487.316430356596,1413.1553553194983,1455.5894895923605,564296
2023-10-10,1440.3426513671875,1468.3195467360235,1426.0334685737691,1433.829409724588,371387
2023-10-11,1439.6024169921875,1479.0760218401895,1426.2800753559868,1446.0168777799877,426664
2023-10-12,1426.033447265625,1452.6287418745803,1418.5827557368948,1446.4609907626807,336497
2023-10-13,1405.7537841796875,1436.3458286230502,1399.3393232480146,1421.0498064013689,243346
2023-10-16,1384.980712890625,1415.0793364346225,1376.6913522856782,1413.3030965037974,214241
2023-10-17,1398.40185546875,1430.622089366721,1382.5630231846148,1389.816274052871,409703
2023-10-18,1391.1485595703125,1428.94458681315,1386.6585090102487,1401.2636714590105,431257
2023-10-19,1376.44482421875,1400.3263100022214,1372.4480730342418,1391.3953575844423,163936
2023-10-20,1349.3067626953125,1392.1849246651302,1344.175120962243,1383.9448324219518,192257
2023-10-23,1332.2342529296875,1358.6322279414424,1290.7869650607638,1349.3066363564906,365465
2023-10-25,1349.2574462890625,1372.6455140128435,1302.925340806115,1342.1028538695375,254919
2023-10-26,1316.148681640625,1349.0105073647658,1291.7737777179798,1349.0105073647658,301173
2023-10-27,1326.9051513671875,1338.944672656827,1318.6156705780982,1318.6156705780982,169055
2023-10-30,1327.6947021484375,1356.9051451810128,1317.4315409575652,1337.6123729312505,177925
2023-10-31,1338.500732421875,1365.046758910971,1322.3659186269301,1334.6520314017487,247849
2023-11-01,1373.681640625,1379.5040222462908,1308.9942134574226,1346.0501133710488,296990
2023-11-02,1371.4613037109375,1394.3559504317216,1363.8626816043065,1390.3099293039843,142746
2023-11-03,1372.694580078125,1380.5893008837504,1356.9051384668742,1375.6551003802347,118798
2023-11-06,1384.0433349609375,1413.1551199030748,1377.628873871992,1377.6782640659235,217734
2023-11-07,1506.066162109375,1529.5528860730853,1409.25716471709,1429.882028071135,2157504
2023-11-08,1583.6812744140625,1607.3160501119612,1483.2208892207384,1513.6156169724975,1460489
2023-11-09,1595.32568359375,1624.7335667966584,1569.1251511837954,1589.651353011542,884773
2023-11-10,1594.585693359375,1638.1547117434009,1585.8521817901476,1596.707423855917,530222
2023-11-13,1564.289794921875,1628.2863589363837,1552.0035619352007,1613.2864358153759,280490
2023-11-15,1586.987060546875,1620.8849966581815,1565.2271863787848,1591.2797912397673,368892
2023-11-16,1630.7042236328125,1691.8390531740974,1597.6944634173187,1598.6319135271528,1010491
2023-11-17,1614.58935546875,1661.8955184577949,1589.8239992018791,1639.1074322902195,551006
2023-11-20,1640.2938232421875,1651.020489109686,1602.7750516936455,1621.3614384071168,351285
2023-11-21,1774.5009765625,1788.440705854621,1645.9289471967732,1645.9289471967732,1139202
2023-11-22,1700.254638671875,1799.3158242386291,1690.6648060999291,1775.5885826003175,549759
2023-11-23,1663.77392578125,1729.1226775069804,1654.629051700667,1710.289131802963,391611
2023-11-24,1647.9556884765625,1698.425432291235,1636.536906072272,1677.3180993976207,330905
2023-11-28,1640.639892578125,1664.3176541435823,1632.9779708140513,1658.583643168651,152580
2023-11-29,1626.2552490234375,1647.6592229375203,1600.7978953619959,1647.6592229375203,697857
2023-11-30,1611.178466796875,1631.2478062622665,1536.8826405307746,1597.6342151029228,752212
2023-12-01,1631.2974853515625,1637.1798162490632,1611.5247822567671,1620.6201774071722,292178
2023-12-04,1631.9893798828125,1668.8160370996138,1617.011534086226,1657.9410510758605,209996
2023-12-05,1658.3857421875,1665.55334597947,1629.1221701527436,1646.027804615138,263047
2023-12-06,1649.4385986328125,1666.3442323863421,1632.2363261167907,1665.8004348827662,144721
2023-12-07,1670.0516357421875,1676.7249218403138,1629.270442920305,1641.1340626503072,406911
2023-12-08,1689.9727783203125,1724.2783662763054,1673.8086193921488,1679.641469639769,355989
2023-12-11,1691.702880859375,1713.3045324492725,1675.7364007510196,1698.3761674110383,274188
2023-12-12,1679.888671875,1725.1682066022856,1670.7932774543626,1700.4523297168662,201485
2023-12-13,1647.362548828125,1699.5624044200756,1641.1341000547238,1681.7669744194823,167605
2023-12-14,1684.5352783203125,1700.4522784177411,1648.450099156215,1661.4011941168687,254311
2023-12-15,1686.314697265625,1709.7947788781871,1680.1852084441714,1694.2237773877512,318062
2023-12-18,1704.307861328125,1718.1487510088962,1666.9374109168505,1689.5771760312796,484734
2023-12-19,1689.379638671875,1720.2250042683177,1677.5160179527832,1708.064744758052,256822
2023-12-20,1613.254638671875,1706.3840072485139,1575.8841874589402,1706.3840072485139,449781
2023-12-21,1631.0501708984375,1638.1682950600223,1571.4849085101657,1586.759271919937,167848
2023-12-22,1600.451904296875,1653.986518991384,1588.2917650009972,1636.0922478537786,103069
2023-12-26,1562.1422119140625,1621.0154771715104,1530.4070510767813,1621.0154771715104,344813
2023-12-27,1569.803955078125,1605.5926120819038,1554.1341155181788,1581.8158936571792,270794
2023-12-28,1565.305908203125,1587.698395328441,1555.4195577961907,1576.872889906043,157764
2023-12-29,1553.541259765625,1579.838929957479,1547.3622902335635,1565.5532006725523,274381
2024-01-01,1560.560302734375,1571.9296049082395,1557.1000803336335,1562.0432551918357,63970
2024-01-02,1540.3922119140625,1592.1472314571083,1528.0837540972561,1560.5603906077702,259832
2024-01-03,1524.87060546875,1551.415430339395,1511.622872702842,1546.4722554777113,156024
2024-01-04,1571.385986328125,1576.8729593187009,1530.4071103607205,1532.3843805291451,144000
2024-01-05,1557.5450439453125,1579.641133897451,1539.354255540217,1571.3365753264784,114119
2024-01-08,1548.0048828125,1578.8007695308243,1539.5025244337894,1573.8575940469204,94270
2024-01-09,1564.267822265625,1566.986568678158,1547.2633475222506,1562.0433933826432,139621
2024-01-10,1547.0162353515625,1561.9446010570414,1528.3803673797918,1552.1570895405373,159779
2024-01-11,1480.8270263671875,1547.1644159160742,1462.9327556050189,1527.4411943975363,1046035
2024-01-12,1464.6629638671875,1512.6117682867343,1460.2141057251677,1497.8317211770022,342562
2024-01-15,1464.6629638671875,1464.6629638671875,1464.6629638671875,1464.6629638671875,0
2024-01-16,1483.5457763671875,1505.6912262876624,1480.975349296729,1505.6912262876624,112732
2024-01-17,1445.3843994140625,1483.5456870540609,1432.5321441525148,1463.1798297762055,186256
2024-01-18,1441.2816162109375,1452.3049214051723,1412.116881574142,1452.1566020077087,116592
2024-01-19,1437.1787109375,1454.0349866610238,1411.7708386550685,1448.3503351748427,159757
2024-01-23,1412.0675048828125,1453.0958598847722,1395.0135500928411,1453.0958598847722,167050
2024-01-24,1431.8895263671875,1442.4185136086044,1387.1044317677477,1403.8617473092654,277229
2024-01-25,1450.426513671875,1458.187274977166,1423.1402093758422,1438.464053241994,99020
2024-01-29,1461.8946533203125,1478.0094534944867,1448.350400916002,1466.1458324630928,87951
2024-01-30,1418.54296875,1436.190080148842,1385.473174801321,1390.96002688574,507316
2024-01-31,1417.06005859375,1432.1862234928751,1388.3402821157533,1432.1862234928751,433764
2024-02-01,1411.22705078125,1427.490169728187,1393.9754174694515,1419.4822499771947,137460
2024-02-02,1431.0987548828125,1447.3617536364732,1405.3942428646783,1412.7100458926761,121923
2024-02-05,1438.3651123046875,1447.361666834892,1412.7594411933474,1435.300367884462,113371
2024-02-06,1474.9447021484375,1482.3099852320256,1436.1407752016148,1437.4754084249705,199169
2024-02-07,1449.339111328125,1486.857766516659,1443.9016180728013,1479.9868005854046,80847
2024-02-08,1437.9697265625,1464.0697168601507,1425.661268066565,1450.4759844846028,77292
2024-02-09,1443.604736328125,1454.034883544985,1419.2349808402516,1419.2349808402516,73063
2024-02-12,1421.311279296875,1447.7077882613767,1403.8618456005229,1443.3084103282918,51967
2024-02-13,1402.9720458984375,1418.6913681208355,1395.0136057553618,1400.8959363255915,49073
2024-02-14,1396.6446533203125,1416.4173538454559,1389.0816919158344,1402.8731022589272,73041
2024-02-15,1456.16064453125,1462.0924550563147,1397.9300137402654,1403.8618242653301,107128
2024-02-16,1484.4849853515625,1506.4821148843744,1456.2099267989513,1456.2099267989513,142692
2024-02-19,1452.00830078125,1492.8389780569319,1448.8941968105064,1492.8389780569319,69835
2024-02-20,1424.8702392578125,1462.9821679982329,1420.7180203983914,1453.2934964156007,66916
2024-02-21,1424.524169921875,1443.3575939221143,1415.5276157208725,1438.414419011346,59878
2024-02-22,1418.34521484375,1438.46391278633,1412.017926760877,1438.46391278633,39342
2024-02-23,1427.78662109375,1437.2281336325952,1414.7366873453095,1418.6417473285899,68161
2024-02-26,1465.997314453125,1476.0319833526337,1415.181453783157,1418.2463186807734,139799
2024-02-27,1464.0697021484375,1473.165096536939,1443.4072050086334,1467.1344467348026,57655
2024-02-28,1424.524169921875,1470.84169469918,1419.6798343727255,1464.0695692080233,44195
2024-02-29,1427.9844970703125,1435.49809934904,1417.1095114691834,1423.6344786932627,75969
2024-03-01,1439.99658203125,1453.5408353697242,1423.7334613358971,1442.3692098547767,63655
2024-03-04,1431.8895263671875,1458.2366741416665,1428.6271031670358,1445.6810574917436,43984
2024-03-05,1410.09033203125,1431.8403048579185,1404.949356953329,1431.8403048579185,123884
2024-03-06,1368.1719970703125,1409.5958275989337,1364.316296443766,1399.907156350995,145093
2024-03-07,1407.322021484375,1419.185642318806,1364.3163959595627,1364.3163959595627,192119
2024-03-11,1382.408447265625,1411.0293838675134,1359.3732021845024,1403.8617797105408,116685
2024-03-12,1368.567626953125,1403.8618520013692,1354.4300966492083,1403.8618520013692,117271
2024-03-13,1342.1708984375,1372.3242669838392,1295.4085337246092,1368.567526263268,297494
2024-03-14,1392.5911865234375,1410.4360959015655,1303.6140397398203,1322.0521059599103,402382
2024-03-18,1383.644287109375,1402.7743519452888,1378.3056334920748,1394.0249555440716,60338
2024-03-19,1405.9873046875,1426.6003205252282,1356.4072347613396,1388.9827100926545,117721
2024-03-20,1410.58447265625,1438.0190940303949,1389.0321812855302,1420.6190214052708,190482
2024-03-21,1407.2232666015625,1438.0192750031501,1390.0209912222408,1438.0192750031501,210834
2024-03-22,1407.2232666015625,1413.5999149097167,1397.9300722533774,1407.2232666015625,67800
2024-03-26,1501.6871337890625,1511.6229641352195,1399.907205503905,1416.9611598082429,296697
2024-03-27,1527.441162109375,1537.2286733041497,1489.230393043633,1510.63436615089,218926
2024-03-28,1521.4598388671875,1546.5711928932328,1486.8576126415705,1527.4411291022393,92732
2024-04-01,1542.171875,1556.5564429069316,1520.5207427578125,1521.4598978042643,80219
2024-04-02,1539.65087890625,1550.773023998382,1523.486718842284,1547.2139617054995,50415
2024-04-03,1545.2366943359375,1557.1003157895723,1507.7180397620166,1507.7180397620166,50736
2024-04-04,1539.8485107421875,1563.2296322224388,1530.4069981072853,1545.2365232827435,53527
2024-04-05,1528.5780029296875,1559.0773680152022,1511.5240494748605,1544.1490039101818,35243
2024-04-08,1555.6666259765625,1591.65284281609,1513.5013198094946,1551.51428663763,192117
2024-04-09,1582.2608642578125,1594.717762015042,1546.7194836794401,1552.156976271474,126736
2024-04-10,1548.0048828125,1581.8161548492035,1540.194641411333,1581.8161548492035,50074
2024-04-12,1580.382568359375,1594.4211374489303,1534.5592383789397,1548.0047712727512,120357
2024-04-15,1556.951904296875,1582.8542153484177,1516.0718685923937,1561.549081474852,107119
2024-04-16,1584.633544921875,1588.2420867158085,1547.0654158865805,1556.9517656327105,89145
2024-04-18,1611.326904296875,1644.0507021875471,1584.6832364481716,1586.6605066612997,189686
2024-04-19,1572.1767578125,1609.4482478317348,1563.031884358788,1596.7937926515208,111225
2024-04-22,1616.86328125,1627.2934301844673,1591.0105690483294,1606.5320923753095,87559
2024-04-23,1617.357421875,1633.6698997975802,1573.116004478911,1581.8160409774816,117988
2024-04-24,1631.0501708984375,1654.9750910865885,1601.5393177995152,1626.304674335387,82426
2024-04-25,1639.1568603515625,1660.9068307542973,1623.4375394238978,1644.1495154672027,54659
2024-04-26,1662.58740234375,1670.9414403584108,1625.1675923804169,1639.156801523988,92639
2024-04-29,1662.0931396484375,1681.4704824970288,1651.0204757489441,1662.8346159100013,45351
2024-04-30,1635.2518310546875,1670.2988948395341,1627.2932707344617,1662.0931757600836,55264
2024-05-02,1657.2490234375,1666.1960984507416,1631.2478727084053,1635.3012523767186,48033
2024-05-03,1670.348388671875,1700.452277521073,1657.9904506084952,1679.1471440266105,142382
2024-05-06,1659.522705078125,1687.550483499158,1639.7994848848386,1680.6795184469363,83565
2024-05-07,1587.7479248046875,1670.7437907826447,1564.1195224596008,1656.9523798086277,144777
2024-05-08,1632.384765625,1641.2330009337454,1583.793329415511,1583.793329415511,73134
2024-05-09,1583.6451416015625,1642.0734530114407,1570.94120445606,1642.0734530114407,56480
2024-05-10,1680.9267578125,1714.4415104242303,1565.0092972311056,1616.4183202608071,488014
2024-05-13,1657.347900390625,1700.452366473947,1612.612162261005,1695.509190990011,176430
2024-05-14,1683.299560546875,1705.3955306773125,1656.7547325103226,1671.8314176366005,74958
2024-05-15,1684.4364013671875,1709.349955687002,1665.8994946759608,1684.8317588302114,70827
2024-05-16,1713.7989501953125,1727.9364804343563,1685.6723298021961,1691.258021584962,132023
2024-05-17,1753.73974609375,1781.3720475746,1707.6693767227075,1713.3540282821266,173797
2024-05-21,1729.6170654296875,1759.1277983111377,1715.2818568279554,1740.936888776479,87146
2024-05-22,1727.1453857421875,1759.770341511788,1715.825562998354,1729.6169733004906,61063
2024-05-23,1722.64697265625,1758.534470704035,1711.3271504082554,1730.1112150285655,62896
2024-05-24,1734.4613037109375,1766.6907812353775,1715.2817601809622,1739.8493162982538,106117
2024-05-27,1786.3646240234375,1880.3343093308665,1736.0430778688872,1736.0430778688872,739047
2024-05-28,1790.269775390625,1873.4634398785586,1754.8272326039269,1801.2930804531577,419614
2024-05-29,1704.654052734375,1838.8612661075467,1682.6569219973358,1838.8612661075467,451269
2024-05-30,1707.7681884765625,1799.3157688426168,1686.6113745304967,1749.884016951336,581134
2024-05-31,1707.42236328125,1759.473906748268,1690.566085905889,1707.4717226283476,824975
2024-06-03,1705.3955078125,1734.9062407241352,1677.713725656703,1713.304588428442,360654
2024-06-04,1565.948486328125,1713.8483908080766,1364.3164100822783,1706.3841476826176,601404
2024-06-05,1611.8211669921875,1626.3046949470072,1510.9310302108936,1581.816116665782,147055
2024-06-06,1660.65966796875,1679.690892024948,1619.4336360786479,1629.7648237216756,149395
2024-06-07,1681.7669677734375,1688.5885733833038,1646.0772685498835,1663.7738591171365,98946
2024-06-10,1730.012451171875,1742.9635458387306,1684.2386013261714,1684.2386013261714,130832
2024-06-11,1713.15625,1746.9181616408628,1704.406853802404,1733.0772707167134,60624
2024-06-12,1725.959228515625,1758.7818659933992,1706.9280025907387,1714.8864428404383,99088
2024-06-13,1735.3511962890625,1754.8272590031113,1720.2250313607963,1744.842068877213,94219
2024-06-14,1737.4766845703125,1778.5545206893366,1730.309080192882,1736.0926919955486,147830
2024-06-18,1741.530029296875,1759.2264992177043,1735.0544217856782,1754.7282823858277,80981
2024-06-19,1735.8455810546875,1750.8727865110013,1710.3387468458682,1750.8727865110013,61648
2024-06-20,1730.8033447265625,1741.9749691355314,1718.9397240514056,1730.1113484603745,49063
2024-06-21,1732.1380615234375,1739.9481817543522,1705.6920743344624,1732.385220282213,103037
2024-06-24,1732.8302001953125,1739.9978047889033,1692.5927992327681,1732.1382038870615,144534
2024-06-25,1741.4805908203125,1787.9959168670496,1716.3198777898583,1716.3198777898583,197954
2024-06-26,1740.9864501953125,1754.8273419061213,1727.244397860124,1739.997815073112,129581
2024-06-27,1744.9903564453125,1749.8840517065498,1715.2818246954034,1731.3966244052192,78577
2024-06-28,1720.620361328125,1749.6862541807816,1712.2663232499442,1739.9975830022354,115241
2024-07-01,1740.54150390625,1748.8954218936537,1716.4681436384835,1716.4681436384835,73299
2024-07-02,1734.90625,1745.7318765607467,1719.335247454112,1744.9409202217264,100785
2024-07-03,1790.71484375,1798.7721234433939,1739.4540161565787,1744.9409893538086,185740
2024-07-04,1765.9493408203125,1814.8867753175023,1757.7931017374474,1804.2094686085566,199742
2024-07-05,1787.4027099609375,1804.2589860213468,1764.7630636142403,1780.5317445613402,118502
2024-07-08,1807.8179931640625,1818.099821620865,1767.6299550258946,1809.2021063437644,112847
2024-07-09,1809.449462890625,1828.975006883025,1789.4296013287972,1810.5864174369092,113723
2024-07-10,1804.2095947265625,1828.974952491607,1757.842704639524,1820.0772365065127,186909
2024-07-11,1783.1021728515625,1818.7918744364504,1780.7294245672754,1809.2021626127378,35828
2024-07-12,1755.1732177734375,1807.2248774672853,1750.0817231122462,1784.2391124776166,148077
2024-07-15,1754.1845703125,1781.4215141119857,1743.210745434876,1771.6340030167573,96275
2024-07-16,1752.0589599609375,1779.4442228278374,1734.1153306301978,1753.8385512963273,97866
2024-07-18,1760.0670166015625,1779.345399954033,1737.031771809774,1752.0589762010684,178418
2024-07-19,1717.6051025390625,1760.956725914323,1705.3954836478053,1751.3670140765723,203778
2024-07-22,1710.63525390625,1724.9704619520683,1669.952897970658,1705.395439933549,161425
2024-07-23,1715.875,1725.1681937764256,1661.8955494201555,1722.2022885722254,66088
2024-07-24,1724.1795654296875,1736.0431862927358,1689.330179144483,1715.8750066889552,53942
2024-07-25,1717.011962890625,1740.9863634088906,1704.802343876684,1724.1795671692817,57724
2024-07-26,1739.34423828125,1742.6123066257114,1708.3463688548688,1708.3463688548688,24424
2024-07-29,1780.0474853515625,1807.3810040286462,1749.1486252407503,1754.248930060619,106017
2024-07-30,1783.0679931640625,1807.3810301732572,1752.91201282557,1782.6223859243084,161028
2024-07-31,1777.7200927734375,1781.6319099221016,1707.1083961802237,1729.143587951078,182109
2024-08-01,1723.3995361328125,1772.7188002736866,1707.9997330565816,1760.8346518919636,382639
2024-08-02,1694.6302490234375,1734.0459395417492,1681.5576118575668,1723.2017013297648,180044
2024-08-05,1629.762451171875,1667.7421851894846,1619.5618419437421,1667.7421851894846,138775
2024-08-06,1634.367431640625,1653.3820192646667,1624.0182473347659,1639.0220077166957,168446
2024-08-07,1684.429443359375,1688.7869885755506,1636.2986669836994,1639.0221176323332,49336
2024-08-08,1646.845947265625,1696.363234026322,1636.1007202169164,1684.4295195602685,77143
2024-08-09,1628.0787353515625,1675.219286521965,1609.3117330368707,1667.643117877307,171483
2024-08-12,1609.311767578125,1633.9713997642993,1600.0520594322682,1614.26349609375,143669
2024-08-13,1574.996337890625,1620.1560798708722,1564.7462835658823,1609.3118422750372,100821
2024-08-14,1562.5675048828125,1593.2186561581602,1541.2750721820198,1569.6979456165866,128538
2024-08-16,1618.4228515625,1627.4350939063847,1572.7184954358565,1579.6013495111736,140604
2024-08-19,1619.16552734375,1671.9509973860474,1614.263364868507,1634.0702773208816,82848
2024-08-20,1650.7578125,1683.5877987540678,1640.062150784182,1643.9739681951485,273609
2024-08-21,1629.2674560546875,1666.752021303742,1594.45677617292,1660.8099463614826,109537
2024-08-22,1615.25390625,1647.1429908063644,1609.5594182298053,1647.1429908063644,59252
2024-08-23,1623.820556640625,1637.0416492300892,1609.4605421736944,1630.4558253134423,86755
2024-08-26,1602.5279541015625,1629.0197021628953,1592.971093706682,1624.16698394713,235025
2024-08-27,1604.8057861328125,1622.1368374479207,1590.4953378322084,1617.0860981001674,111466
2024-08-28,1586.0882568359375,1614.1645341844617,1584.5531725932626,1606.885517226224,48290
2024-08-29,1585.0482177734375,1595.4468471309015,1571.2329442695282,1587.1774851059456,69088
2024-08-30,1598.4180908203125,1621.1464781416062,1579.601520977942,1579.601520977942,728049
2024-09-02,1605.0533447265625,1622.1863749431902,1594.4566933202298,1622.1863749431902,83598
2024-09-03,1590.396240234375,1614.2635482728065,1581.6811494084468,1611.6886735398139,162067
2024-09-04,1575.5904541015625,1602.379353831049,1567.717254088103,1594.4565881755186,205906
2024-09-05,1564.54833984375,1590.1487545405216,1560.0422181066785,1584.4542662027254,92181
2024-09-06,1559.8441162109375,1603.0726113274825,1550.0891138955278,1564.548258506298,105098
2024-09-09,1513.79296875,1572.0252234002369,1504.3351189541636,1572.0252234002369,445572
2024-09-10,1559.4478759765625,1571.4806003736066,1515.9716756994226,1515.9716756994226,240925
2024-09-11,1695.224365234375,1743.0085484518768,1549.8911240495381,1559.4479848714018,1548623
2024-09-12,1640.2105712890625,1713.19912508722,1624.2165842521943,1695.1747600285512,375692
2024-09-13,1638.87353515625,1647.1924631013642,1627.3855493710005,1641.8445722158044,101314
2024-09-16,1644.4691162109375,1656.6008516361612,1628.9207363083972,1638.0318688424513,141466
2024-09-17,1652.639404296875,1663.780793539326,1628.722531211385,1639.517323633544,247521
2024-09-18,1650.9560546875,1655.8582181608517,1630.208237134182,1654.8678723365929,102910
2024-09-19,1660.116455078125,1668.6334034570657,1631.0992792878078,1651.0052025980235,141806
2024-09-20,1691.0648193359375,1738.9974536789143,1610.351646172747,1660.1165167426898,1281600
2024-09-23,1685.271240234375,1712.0601399493814,1677.6456266517728,1707.851170697156,123024
2024-09-24,1677.8931884765625,1718.2993410622034,1673.3870672217613,1701.6119194404907,53877
2024-09-25,1672.1988525390625,1689.0842964751748,1661.2554832936428,1671.7036796481714,37944
2024-09-26,1693.342529296875,1708.2472800718226,1651.1538276934161,1662.7903893820637,183952
2024-09-27,1689.52978515625,1703.5926459139566,1660.76019385768,1684.5780565948307,122488
2024-09-30,1716.6158447265625,1731.8671940159172,1685.2713764077532,1689.5299116461213,240340
2024-10-01,1717.8536376953125,1747.7621505558825,1708.3463430947124,1732.8078336796925,134693
2024-10-03,1705.6229248046875,1712.9019417047484,1673.6842751748711,1673.6842751748711,53898
2024-10-04,1718.99267578125,1728.1533741830801,1663.7808989269768,1689.6288994283716,75123
2024-10-07,1755.189697265625,1769.6487200172812,1682.349724134739,1719.5866975295733,192056
2024-10-08,1734.590576171875,1772.669321793915,1714.5856404357253,1772.669321793915,126450
2024-10-09,1717.80419921875,1745.4347478075706,1707.306437981859,1741.8200826803993,95948
2024-10-10,1708.593994140625,1735.5313500097361,1691.5600957074835,1718.7450380124938,68308
2024-10-11,1702.2557373046875,1731.6195124374512,1694.5805578815302,1709.336733466995,77108
2024-10-14,1723.5977783203125,1730.5796433666414,1698.4429719337181,1702.2557789168388,56791
2024-10-15,1767.5196533203125,1797.2795927442912,1718.2995157854482,1723.5978415974266,227961
2024-10-16,1768.658447265625,1778.066731614877,1734.6400959285345,1777.3734170751084,139372
2024-10-17,1717.95263671875,1774.6994936618717,1711.7629760963243,1764.7960366659906,100071
2024-10-18,1706.5635986328125,1716.7642073214704,1649.9654406889606,1703.394540866991,59172
2024-10-21,1668.68310546875,1725.1823816516712,1664.8702983214203,1706.8609843723625,61098
2024-10-22,1626.5933837890625,1668.6830795887495,1614.2636271409406,1668.6830795887495,75413
2024-10-23,1595.8431396484375,1643.9243524900853,1584.5531741045797,1626.6428677917324,299157
2024-10-24,1584.156982421875,1607.033944272811,1569.6979591531483,1604.9047976978186,83948
2024-10-25,1490.718017578125,1551.822305168628,1468.0886401941839,1525.1325341772547,491303
2024-10-28,1437.83349609375,1488.9353141484276,1427.2368446075795,1475.6152117680542,447795
2024-10-29,1443.52783203125,1468.5836259711937,1409.0143094279804,1437.8333443986996,99834
2024-10-30,1467.8409423828125,1489.4799723236467,1434.0206116520214,1434.0206116520214,84632
2024-10-31,1494.62548828125,1509.852956096252,1453.1095163029427,1468.1881570449757,139659
2024-11-01,1517.68994140625,1546.2600168726578,1504.8432222831038,1504.8432222831038,15153
2024-11-04,1506.876953125,1530.2390504417017,1485.4493656342088,1530.2390504417017,59413
2024-11-05,1503.45458984375,1599.1347832439524,1489.0206635540771,1554.4442745169715,905253
2024-11-06,1518.38427734375,1561.388277345596,1508.4145589190016,1561.388277345596,177806
2024-11-07,1535.943115234375,1542.440767234429,1518.6819598634136,1531.6773849595945,66214
2024-11-08,1533.1654052734375,1550.525738235123,1516.797091338134,1548.6408778657828,48126
2024-11-11,1489.665283203125,1540.0597732973818,1473.1481434362934,1533.1652900207348,107585
2024-11-12,1494.675048828125,1516.7474726113471,1473.3962887204823,1478.1083791910578,40017
2024-11-13,1513.1265869140625,1540.555814621784,1452.117420116546,1494.674937152107,68043
2024-11-14,1514.9122314453125,1541.5479180928342,1497.9487303080584,1497.9487303080584,49229
2024-11-18,1532.818115234375,1535.6453450418865,1496.063764448532,1506.8767952962698,32630
2024-11-19,1533.9591064453125,1556.4778904564432,1502.9088617218047,1548.14490621184,42935
2024-11-21,1503.6527099609375,1546.0118703071619,1499.386980075815,1531.1315861907744,42302
2024-11-22,1482.72119140625,1507.8688483084973,1478.1082789339875,1503.7024170344928,36964
2024-11-25,1459.7559814453125,1498.8910831720336,1438.477221999268,1487.086153763332,154356
2024-11-26,1449.637451171875,1481.63006476125,1443.3876828694752,1481.63006476125,49277
2024-11-27,1451.8695068359375,1468.9321857962557,1441.453306970423,1462.2360573112821,395061
2024-11-28,1437.58447265625,1475.826735496824,1433.5172186512712,1461.4424588502816,49457
2024-11-29,1427.6146240234375,1447.5046548795362,1417.5952556033294,1444.3797705797394,411837
2024-12-02,1447.9014892578125,1457.2760210775039,1424.3410362281388,1442.3460855613214,66689
2024-12-03,1450.4805908203125,1470.8169801205365,1442.6932659660256,1453.307820723325,129152
2024-12-04,1481.0347900390625,1488.2765775316375,1440.0644759931204,1453.307906071554,271204
2024-12-05,1475.677978515625,1494.0798591388325,1460.5000386919098,1488.0285671848292,209201
2024-12-06,1470.8665771484375,1490.012592993508,1467.196155151397,1482.4236231441998,147707
2024-12-09,1456.58154296875,1476.5211006061456,1444.7764926752252,1471.164173798589,135640
2024-12-10,1492.0462646484375,1497.3535422188734,1443.2388559065332,1469.1801776583377,192507
2024-12-11,1477.909912109375,1504.8431303074763,1461.2935943375342,1495.9646089513965,87602
2024-12-12,1449.7366943359375,1481.9773141380406,1441.4037099217169,1481.9773141380406,96392
2024-12-13,1432.7730712890625,1449.8357494261606,1423.6464239514899,1446.3636829718387,74163
2024-12-16,1432.1282958984375,1445.173370353223,1422.7536434137105,1425.5313451342386,62911
2024-12-17,1411.1470947265625,1437.385950088145,1405.7406393574286,1432.1283217953148,61660
2024-12-18,1397.15966796875,1414.6191792011052,1389.322693177523,1410.651102962112,47580
2024-12-19,1399.0941162109375,1418.041656838898,1374.9384752977583,1377.9145326035975,73919
2024-12-20,1388.032958984375,1406.4846095619641,1376.4263849336335,1406.4846095619641,113477
2024-12-23,1366.8038330078125,1391.505009346066,1359.1652140145745,1388.4794240396081,44628
2024-12-24,1361.7445068359375,1379.8488545694242,1351.1299513977483,1373.946389637211,139014
2024-12-26,1365.0181884765625,1383.8665500907011,1352.9651330146223,1368.8870869218372,188614
2024-12-27,1370.3751220703125,1380.543317200596,1359.0660808281482,1364.0261760136523,135633
2024-12-30,1406.980712890625,1423.497733734363,1370.37518453386,1377.914505340264,194804
2024-12-31,1428.16015625,1435.4514715719433,1382.130451117906,1406.9805751353774,115128
2025-01-01,1411.940673828125,1430.9377405683667,1403.7068677906432,1422.5552285595636,45168
2025-01-02,1413.0814208984375,1422.5552508189583,1406.484591402946,1418.5871748055163,150869
2025-01-03,1412.3870849609375,1443.3876794508615,1407.7246439880817,1413.0814498390828,149275
2025-01-06,1363.9764404296875,1427.366477113843,1359.3636490755234,1412.6350195630343,97827
2025-01-07,1373.7974853515625,1397.754768375798,1368.2918525695407,1374.9383314186346,140866
2025-01-08,1388.0826416015625,1398.7468462806526,1366.3078721138502,1368.986275083192,90452
2025-01-09,1374.4920654296875,1389.1243466541985,1368.9863111745763,1388.0826781963956,89673
2025-01-10,1349.7410888671875,1375.3847569699506,1342.747427255202,1371.2183254179624,71554
2025-01-13,1298.304931640625,1344.1858127014684,1289.6247649534382,1339.0768903749379,69075
2025-01-14,1308.572265625,1319.33564777741,1285.656650472369,1305.00102137068,84027
2025-01-15,1304.455322265625,1334.265541349063,1302.5209336738437,1328.1646003422682,81768
2025-01-16,1305.298583984375,1325.1389630016413,1300.6360222576793,1311.3498753654285,39123
2025-01-17,1281.638916015625,1321.170970579307,1278.26614824668,1306.4890407415057,56236
2025-01-20,1268.4451904296875,1294.5352189501089,1264.8242966553412,1284.6646777793467,73213
2025-01-21,1282.978271484375,1309.4651313853306,1270.4787347170195,1279.7045602174821,147918
2025-01-22,1261.6993408203125,1288.979863317924,1245.0334942794134,1282.978221026091,39609
2025-01-23,1275.686767578125,1283.5237417926967,1255.8960372308059,1268.7922840586104,26078
2025-01-24,1238.9326171875,1309.4154981133254,1235.0637186688402,1275.6373220796663,38740
2025-01-27,1219.8857421875,1258.723311094854,1191.9108542222114,1239.0317577391113,152091
2025-01-28,1189.82763671875,1233.0796417683198,1170.5824435129666,1220.1833945092787,65653
2025-01-29,1235.4605712890625,1241.7102187587163,1167.0607839048494,1171.6241684937088,100520
2025-01-30,1215.7689208984375,1243.7438079611097,1204.3607025203296,1236.0556607932544,56859
2025-01-31,1216.21533203125,1265.3202740667693,1210.2632178451263,1265.3202740667693,141874
2025-02-03,1230.5003662109375,1272.7603505122397,1216.711278178692,1241.0157431728853,106739
2025-02-04,1227.8714599609375,1253.1182938945628,1220.183313069645,1234.8652420230549,127133
2025-02-05,1213.9337158203125,1249.8448796491357,1200.3431026829135,1228.0204596003555,74601
2025-02-06,1204.7078857421875,1218.4969739231678,1186.4547121059593,1218.2489691756539,171218
2025-02-07,1182.337890625,1219.3402499445726,1178.8658239203353,1212.2969388486108,78797
2025-02-10,1171.9713134765625,1198.3589956178062,1168.6480739248173,1198.3589956178062,30295
2025-02-11,1154.6605224609375,1179.510648051332,1138.937044769628,1179.510648051332,67170
2025-02-12,1139.6810302734375,1154.6604933004598,1108.7300851964633,1137.4489874718458,58241
2025-02-13,1129.1656494140625,1154.412485032377,1125.7927605271498,1145.781967997577,47972
2025-02-14,1119.989501953125,1137.8458447654866,1095.2386752155314,1129.1656781205886,54673
2025-02-17,1118.4517822265625,1120.9814791356064,1091.2705582819005,1115.2277204502875,32779
2025-02-18,1100.3475341796875,1125.9416753259702,1096.1811024098654,1118.4518827036513,31212
2025-02-19,1123.659912109375,1129.909680466098,1090.7745779875936,1091.7665970222436,110994
2025-02-20,1140.82177734375,1152.5771775258625,1096.2305745720862,1108.0851524286684,67245
2025-02-21,1147.2203369140625,1170.3344283104336,1127.0824236469737,1154.710128886073,148294
2025-02-24,1099.8514404296875,1142.805912488563,1096.1810184894637,1142.805912488563,66761
2025-02-25,1101.6370849609375,1115.0293412841907,1091.2208855984072,1103.0754640535265,43200
2025-02-27,883.4425048828125,1088.8400259193293,881.3097003699805,1077.3822791718137,3278886
2025-02-28,883.1448974609375,920.5936139778153,857.2532262870249,892.8170825215881,2193122
2025-03-03,878.6807861328125,914.542295442289,848.1762033796836,912.6574352155659,1181559
2025-03-04,883.8392944335938,894.6026758075292,863.5524948235378,865.3877056593782,473424
2025-03-05,910.6734619140625,914.4431220868883,878.7800261474221,880.6152976663756,389902
2025-03-06,909.8798217773438,924.1648587795479,903.7788808230055,913.6494817967573,322346
2025-03-07,901.6461181640625,921.9825082244314,893.8091436289009,911.3678925223389,285358
2025-03-10,897.8268432617188,921.7345390728347,890.8331209584567,917.5184580437997,270084
2025-03-11,888.35302734375,904.1261538910106,872.3318960429036,904.1261538910106,181479
2025-03-12,882.599365234375,897.7772446643975,869.5542904435168,890.833111280253,105904
2025-03-13,867.8677978515625,893.3131094184536,859.2372809907781,888.3034255785178,112773
2025-03-17,852.0947265625,876.8952013995946,848.2754171087669,870.9926762787592,132610
2025-03-18,852.0947265625,852.0947265625,852.0947265625,852.0947265625,0
2025-03-19,909.7310180664062,916.9727447063601,888.6506141721362,891.8250871034686,164628
2025-03-20,909.8798217773438,926.545728553932,871.2902591847385,900.7036462001233,1078902
2025-03-21,919.552001953125,926.8929060470269,908.7389708950376,912.6574579600161,235492
2025-03-24,926.9921875,946.2373202038432,919.6016336742406,929.323407983196,211660
2025-03-25,908.193359375,939.6403725683722,903.7292740476515,936.3667221045897,138857
2025-03-26,893.0155029296875,917.2703792367515,891.5770632909882,917.2703792367515,103288
2025-03-27,907.3997802734375,912.7070576390895,891.6266541478011,893.0155049499701,263016
2025-03-28,940.4340209960938,959.7288028402726,915.633545758855,922.5776788252819,490952
2025-04-01,925.7025756835938,930.3650166540301,895.8923555991224,909.0366076560297,352594
2025-04-02,934.3827514648438,937.0611544156949,907.8462423303066,925.7025849255092,101663
2025-04-03,929.5218505859375,941.2276632755978,920.7425062057016,932.4979077382937,60848
2025-04-04,910.7726440429688,934.630750069575,903.9773379304155,932.4482961015898,93457
2025-04-07,877.1432495117188,887.1130287795047,857.1540415855908,870.9927193384458,127211
2025-04-08,892.271484375,906.5069325300246,880.6648501902306,897.7771776087396,74162
2025-04-09,884.8809204101562,897.6779893303683,879.027984273432,890.0890199977721,40969
2025-04-11,901.7453002929688,904.7213573896452,889.2954735481462,895.7931860996158,74348
2025-04-15,926.744140625,929.124949841499,906.2589245262717,914.6414969933554,62766
2025-04-16,928.2817993164062,948.0230020623602,924.1153073167335,934.4819182004325,86761
2025-04-17,933.3906860351562,949.2629897752508,924.5616928605151,932.4978447305624,74387
2025-04-21,950.8006591796875,955.31433369345,925.6033513926495,928.7282355818896,98523
2025-04-22,960.0264282226562,968.1609964794358,943.6581140240783,957.2983758562266,100764
2025-04-23,969.4010009765625,972.8730675555989,950.6022283890298,968.4585707955026,88462
2025-04-24,973.8650512695312,976.7418700018943,962.2584170165292,964.5400485761369,71845
2025-04-25,964.2921142578125,982.9420604586904,932.5475043676242,969.0042047883873,176075
2025-04-28,959.92724609375,972.9226712690026,954.3719031535524,966.920968200249,52009
2025-04-29,974.4107055664062,981.9996754690857,954.5703246946036,955.1159230589707,58211
2025-04-30,1036.3621826171875,1065.8252190561543,952.6358168199486,979.6187452545412,2580405
2025-05-02,1007.7921752929688,1044.6952354478487,1003.5264449472475,1042.6120196658285,262738
2025-05-05,1166.416015625,1208.9735348327688,1123.1638893474494,1160.6622568534515,8200802
2025-05-06,1203.8150634765625,1257.3840897870152,1127.6279553966017,1145.2859421373641,9358810
2025-05-07,1221.4730224609375,1230.1035391764096,1160.9598644853238,1171.5744191672095,1378882
2025-05-08,1200.442138671875,1240.0237200345925,1180.9985909609459,1219.1913215380114,581232
2025-05-09,1224.945068359375,1235.0636133799653,1154.7100770877748,1166.713482364062,540436
2025-05-12,1269.7843017578125,1304.4057885796415,1246.4718555927277,1264.824206829071,436952
2025-05-13,1306.2906494140625,1316.4091946344686,1259.8641124233422,1265.6178709814978,419241
2025-05-14,1297.06494140625,1327.321523213432,1281.8870011104452,1311.0523861536333,193357
2025-05-15,1307.8778076171875,1315.8139592154762,1299.5448242197717,1303.116068219789,122771
2025-05-16,1305.3978271484375,1355.0979548607945,1294.5847958223549,1318.3932518374786,291440
2025-05-19,1286.450439453125,1317.401387467235,1277.0262578409722,1317.3022097747448,177485
2025-05-20,1282.87890625,1308.3738668874526,1276.034072112819,1298.0568451978093,140204
2025-05-21,1275.934814453125,1300.4377568926227,1249.1503009264013,1274.7444400681438,133808
2025-05-22,1292.0054931640625,1315.4171159558286,1275.835535985004,1275.934713659906,167520
2025-05-23,1302.6202392578125,1334.2656723605235,1293.0968802393625,1298.5529852192753,154316
2025-05-26,1307.7786865234375,1327.3214122413285,1297.5608424601328,1301.528918430959,127608
2025-05-27,1303.0169677734375,1349.1458516725352,1296.5688442176497,1318.39326240647,205302
2025-05-28,1294.4857177734375,1314.5244546900487,1284.5655270036143,1314.326099313084,106853
2025-05-29,1299.5447998046875,1326.8253204112743,1294.4855274750416,1303.4136978553793,138269
2025-05-30,1414.3214111328125,1438.4275207815788,1297.5608256429691,1300.4377049037455,1801665
2025-06-02,1379.4024658203125,1432.1778299540806,1360.1572723548452,1426.5233699026317,408116
2025-06-03,1365.216552734375,1401.7229018000094,1351.3282861914167,1391.2075242081273,207455
2025-06-04,1369.283935546875,1396.2668051185512,1351.1299385942925,1365.0182052171415,233938
2025-06-05,1412.9327392578125,1418.5871992359184,1370.970286254573,1370.970286254573,240210
2025-06-06,1402.5166015625,1438.4276432521574,1392.7947662938132,1415.6112047729853,198168
2025-06-09,1377.815185546875,1423.4480586270624,1371.9622493456375,1414.3214113533847,257830
2025-06-10,1362.63720703125,1392.397775564676,1351.1298114175381,1382.8744178531924,163472
2025-06-11,1363.430908203125,1387.7353731751898,1351.9235122722994,1364.0260953709826,141044
2025-06-12,1357.18115234375,1378.9063923854392,1350.038664073418,1359.066012638886,116834
2025-06-13,1350.832275390625,1378.8072849154057,1318.8893108105517,1339.7217106052276,120409
2025-06-16,1337.43994140625,1352.1218707597495,1304.604137362699,1333.4718654832573,139476
2025-06-17,1319.2861328125,1361.7444746580463,1314.623570711749,1338.8288592739036,146358
2025-06-18,1318.1949462890625,1337.6384952169522,1310.6555047225097,1317.4012826201388,65566
2025-06-19,1313.135498046875,1337.241608115274,1286.6486392622478,1315.8140219967354,124257
2025-06-20,1307.084228515625,1326.2302439226194,1294.584813159506,1315.417212451728,161410
2025-06-23,1316.7069091796875,1358.9668957097967,1266.8083034480426,1282.6806079548307,192649
2025-06-24,1338.4320068359375,1354.105955714134,1310.4571190464258,1338.233651471331,162217
2025-06-25,1337.93603515625,1360.851771931558,1329.0078637672443,1342.9954291535464,101090
2025-06-26,1334.166259765625,1345.5744772604453,1319.3851537487765,1339.1263543285902,77185
2025-06-27,1346.566650390625,1375.9303893470947,1336.348805982279,1338.7296758643865,204342
2025-06-30,1337.8369140625,1358.371781783496,1331.289612319489,1357.5781180769154,60239
2025-07-01,1372.9542236328125,1415.2142065861128,1335.3566812953313,1347.062553316753,608713
2025-07-02,1351.72509765625,1393.687550802834,1349.1458724134975,1376.922405080834,104347
2025-07-03,1381.8824462890625,1403.7068639619695,1352.0226990557987,1352.0226990557987,211458
2025-07-04,1361.050048828125,1397.7547513110992,1356.9827952046305,1392.4970022467326,64513
2025-07-07,1334.4638671875,1369.5813628705532,1329.3054169928198,1369.5813628705532,82672
2025-07-08,1331.1904296875,1355.1972430214303,1319.5837337762725,1333.1744678505052,74534
2025-07-09,1328.710205078125,1340.2176006722343,1299.7431790972973,1340.2176006722343,206330
2025-07-10,1333.7696533203125,1353.1140253840879,1311.6475793935633,1333.7696533203125,69439
2025-07-11,1321.468505859375,1349.145860601217,1314.6235504356398,1338.2336514345895,44983
2025-07-14,1361.8505859375,1397.8563504086856,1312.8152831796087,1313.9093544983696,614094
2025-07-15,1372.9906005859375,1381.8428533020876,1359.960940321311,1372.493284381829,82114
2025-07-16,1384.926025390625,1413.3724846121186,1363.7403090397688,1374.382947395745,280818
2025-07-17,1453.95361328125,1481.9027579464466,1386.5174915946184,1390.2971430789146,1395173
2025-07-18,1463.6015625,1513.830498216106,1454.6498709862385,1482.0022617227319,1209995
2025-07-21,1426.1038818359375,1471.7574086033642,1418.5445790037409,1465.093420565331,163231
2025-07-22,1421.9263916015625,1438.437264425208,1410.5875584621635,1426.1039203450687,149332
2025-07-23,1458.727783203125,1464.3972604587411,1422.3242634018698,1422.4237023540563,287710
2025-07-24,1438.437255859375,1479.7144983802257,1431.2759515061275,1458.7277800803517,235554
2025-07-25,1388.70556640625,1441.1227613789445,1359.1650357109445,1438.4371813243233,183491
2025-07-28,1362.2484130859375,1390.694873403354,1337.7804820832669,1360.657025643055,182536
2025-07-29,1382.0416259765625,1399.1492535291322,1349.3181979550588,1362.4474175928008,140797
2025-07-30,1407.8026123046875,1417.3510583092288,1377.5657654444083,1393.6787604886292,105829
2025-07-31,1432.07177734375,1444.206244051425,1343.7483717034954,1392.4853592782335,223788
2025-08-01,1327.1380615234375,1462.109629803928,1317.8879316259897,1422.4237727119469,585171
2025-08-04,1285.76123046875,1334.5977775123276,1278.9978031263906,1331.315442088697,178651
2025-08-05,1260.3980712890625,1295.5086419754275,1255.8227867405344,1295.5086419754275,115603
2025-08-06,1246.87109375,1263.183088626301,1223.5966724009556,1263.183088626301,135210
2025-08-07,1272.0352783203125,1277.5057559942552,1224.3923666587793,1244.4838906406835,111936
2025-08-08,1235.034912109375,1278.1025404428585,1223.39776244725,1272.1347464797013,65362
2025-08-11,1221.2095947265625,1235.0348866575664,1206.9863041747885,1229.3655310754336,111868
2025-08-12,1204.00244140625,1230.8575144487686,1197.6367701798222,1221.209629366192,86437
2025-08-13,1216.0374755859375,1225.486482823591,1201.9137449125299,1205.494397056414,53822
2025-08-14,1205.2955322265625,1220.6127733090307,1197.6367902702464,1220.4138954047448,78214
2025-08-18,1209.7713623046875,1241.3011588800805,1203.6045689547927,1241.3011588800805,113433
2025-08-19,1212.158447265625,1217.3306085518025,1202.1126843919183,1207.1852853068506,78776
2025-08-20,1210.4676513671875,1225.4865765793581,1205.494489282688,1211.4622837840875,87786
2025-08-21,1203.5052490234375,1226.381795079255,1199.6261582353022,1216.2365927857554,113456
2025-08-22,1209.2740478515625,1232.3494695795132,1205.295518490531,1208.478293413324,112768
2025-08-25,1210.4676513671875,1221.6074858704305,1207.4837541164877,1216.236567951243,54552
2025-08-26,1187.6904296875,1209.9702179508686,1184.607093776806,1205.494372508387,56172
2025-08-28,1191.4700927734375,1198.7308359357264,1172.47263954734,1178.6393114292925,48784
2025-08-29,1161.233154296875,1196.443160303323,1158.7465736666888,1194.851772983018,57645
2025-09-01,1189.182373046875,1192.26570894429,1163.7198100334326,1163.7198100334326,43972
2025-09-02,1185.701171875,1198.2335149031082,1176.6500419888707,1186.3974873524432,43431
2025-09-03,1204.5992431640625,1208.4783337034114,1176.4512198453713,1185.701228069112,55980
2025-09-04,1213.2525634765625,1222.403132337303,1195.5480594543844,1207.4836474023482,72732
2025-09-05,1199.8250732421875,1221.4085470466027,1193.7577186695794,1213.4514881081884,60293
2025-09-08,1202.908447265625,1208.2794865015994,1187.9889612851891,1208.2794865015994,44017
2025-09-09,1213.35205078125,1222.4031810528147,1199.228198297578,1205.892308016485,39827
2025-09-10,1213.650390625,1223.3978365882417,1196.5427621265485,1218.4246746508911,61783
2025-09-11,1235.3333740234375,1239.311903408376,1207.38422937726,1223.3977858686217,102539
2025-09-12,1237.521484375,1258.011007305636,1229.3655479144145,1234.33870951601,84672
2025-09-15,1253.6346435546875,1265.0729156283342,1233.5429971501892,1242.2958104334475,61298
2025-09-16,1240.704345703125,1263.580888426119,1226.3816164109314,1253.2366883031416,76423
2025-09-17,1228.768798828125,1252.6399746327895,1222.9004438264626,1240.7043867304574,60414
2025-09-18,1243.389892578125,1245.1802793973782,1223.7956835950306,1228.3709681813534,97378
2025-09-19,1248.7608642578125,1279.0971496898023,1234.3386957737516,1234.3386957737516,192007
2025-09-22,1260.3980712890625,1287.4521441855068,1248.760921305297,1263.1830904482097,109469
2025-09-23,1285.960205078125,1338.5762813095223,1270.941280695347,1288.0489087552521,725623
2025-09-24,1256.1212158203125,1293.9172450216881,1248.3630349445239,1283.0757281519614,112683
2025-09-25,1256.6185302734375,1270.5433831180362,1235.034935515261,1256.220653052004,142632
2025-09-26,1211.7606201171875,1253.236739846061,1207.0857753020473,1234.1398476144386,71971
2025-09-29,1225.88427734375,1240.3064453125,1175.2574703290545,1210.169038853152,140576
2025-09-30,1254.6292724609375,1258.209924643309,1219.9165791106866,1225.8843732196667,85330
2025-10-01,1262.0889892578125,1267.1615898635755,1225.387031955985,1253.236737227712,89899
2025-10-03,1246.373779296875,1272.1347815646645,1240.3065462166824,1272.0353426122185,65018
2025-10-06,1260.3980712890625,1268.7530073514215,1237.4220881788872,1247.9651668555173,333337
2025-10-07,1261.4921875,1265.6695945702727,1249.9543557533898,1260.3979948441465,79705
2025-10-08,1250.6507568359375,1273.0299849912108,1246.2743501581117,1273.0299849912108,73775
2025-10-09,1248.56201171875,1254.0324895306992,1234.33872084165,1252.5405410365313,38375
2025-10-10,1265.7691650390625,1287.0543226330124,1250.2529239178489,1253.7341373098238,213221
2025-10-13,1256.6185302734375,1274.8202293569711,1248.7609104566834,1265.172344166389,110966
2025-10-14,1250.1534423828125,1260.000327067761,1242.7931386074426,1259.8013277459445,102725
2025-10-15,1252.043212890625,1258.2098847081436,1241.301135269378,1252.2420907885792,60193
2025-10-16,1270.642822265625,1272.9305252279087,1246.4732076870253,1269.0514347947274,112765
2025-10-17,1256.4195556640625,1273.5273052014898,1247.865741602891,1272.1347956066284,69331
2025-10-20,1246.2742919921875,1276.1132614732455,1233.7419490931586,1253.2367182044343,70438
2025-10-21,1256.9168701171875,1268.1562643990715,1248.2636171143802,1248.2636171143802,14979
2025-10-23,1247.368408203125,1277.505817030963,1244.2850721953296,1268.1562486403238,44711
2025-10-24,1238.8145751953125,1251.9436734719766,1212.3573793256226,1245.2796853830039,59901
2025-10-27,1320.2750244140625,1338.675723150257,1248.2636169688583,1257.2153082459258,3262644
2025-10-28,1396.3643798828125,1412.3779364283143,1310.4281205945804,1320.275005138611,1320134
2025-10-29,1417.848388671875,1423.8161826613743,1376.0738307453798,1389.5013672217533,590054
2025-10-30,1401.934326171875,1432.0717355630295,1392.9826348376807,1398.6519907833033,254411
2025-10-31,1404.4208984375,1421.9264037667356,1388.3079027013468,1402.431633708835,248015
2025-11-03,1383.235107421875,1515.6207652514202,1370.6033256283413,1467.4805370784109,3248731
2025-11-04,1414.1683349609375,1452.1632424648758,1379.4556413888633,1379.4556413888633,1330956
2025-11-06,1390.8939208984375,1421.3296469275147,1380.5497200387615,1418.146871931499,197561
2025-11-07,1373.4378662109375,1386.6046266511541,1349.6976616219179,1376.4303228349297,187310
2025-11-10,1342.01708984375,1377.4278270408165,1336.630643494902,1372.4403992665818,120230
2025-11-11,1353.0892333984375,1356.5804330422964,1339.024710614425,1354.1864432195457,95146
2025-11-12,1397.0782470703125,1401.4672078746944,1356.7798062065078,1359.872108844546,290454
2025-11-13,1367.9517822265625,1406.055683609283,1361.567850005728,1396.4798461597209,126983
2025-11-14,1369.7471923828125,1396.4798554641934,1361.5678590775885,1368.1512397578151,92682
2025-11-17,1380.52001953125,1396.3800643395223,1373.238326214211,1381.916523672468,66553
2025-11-18,1344.81005859375,1381.517577962659,1341.6181533283584,1381.517577962659,105253
2025-11-19,1357.37841796875,1360.8696174781724,1327.9525935321903,1349.897276162845,105390
2025-11-20,1364.560302734375,1382.814337945603,1344.6105907060946,1371.043959143566,104189
2025-11-21,1347.2039794921875,1378.5250505801864,1336.6306568577784,1361.6675201820665,132741
2025-11-24,1344.2115478515625,1350.096737146361,1312.4915793571288,1345.6080520210128,150289
2025-11-25,1358.7747802734375,1365.2584364093664,1331.6432217638237,1331.9425161369854,77585
2025-11-26,1386.0062255859375,1424.409420753306,1349.398553183693,1349.5980015960945,500194
2025-11-27,1382.7144775390625,1402.9634837417168,1373.5376588072122,1397.0782944021403,71091
2025-11-28,1399.7716064453125,1437.9752322837717,1380.5200854500858,1382.7145050886572,485634
2025-12-01,1397.5770263671875,1410.9433575356834,1378.5250760794022,1410.9433575356834,71016
2025-12-02,1397.97607421875,1406.9534446561163,1381.5175617502452,1397.4773314166741,69226
2025-12-03,1388.400146484375,1428.0002736886668,1382.5149574499153,1398.9734688481285,203777
2025-12-04,1391.5921630859375,1396.4798669730194,1382.4153440940388,1391.0934202763044,79157
2025-12-05,1364.759765625,1410.4446553596827,1343.6131193560768,1398.2753795987066,150636
2025-12-08,1356.879638671875,1371.3431791074515,1347.6029743768115,1361.5677720387473,89987
2025-12-09,1381.4178466796875,1394.2854354110325,1337.6282040151075,1346.90486890043,160950
2025-12-10,1409.6466064453125,1426.404413292846,1378.3256558997955,1386.4052649371001,332827
2025-12-11,1405.4571533203125,1415.4320089152047,1395.8813163018908,1415.4320089152047,66200
2025-12-12,1420.41943359375,1449.8452575340698,1405.257701828155,1415.132711434716,258982
2025-12-15,1452.9375,1461.2166791818909,1416.3298272006534,1421.4169794058512,237379
2025-12-16,1436.3792724609375,1459.3214413960775,1431.3918444315593,1459.3214413960775,93879
2025-12-17,1425.9056396484375,1434.6835614764927,1410.4446131254917,1432.3892959322534,87727
2025-12-18,1426.6038818359375,1431.3918615066082,1397.2779020840678,1426.1051390270502,73753
2025-12-19,1483.2611083984375,1506.2032775263217,1425.6063911890974,1442.364198213948,755803
2025-12-22,1528.8460693359375,1558.6709119370853,1495.2308546642457,1496.62735880113,656496
2025-12-23,1522.56201171875,1539.6189907622747,1510.2928903950801,1536.4270856157048,221921
2025-12-24,1495.4302978515625,1556.0774684023363,1486.2534794355647,1532.1378150423004,213229
2025-12-26,1469.9945068359375,1512.1881971911484,1464.8076303266503,1502.213341009149,179701
2025-12-29,1434.883056640625,1475.58051842275,1429.3968857601778,1469.495758762822,158319
2025-12-30,1429.5963134765625,1471.291260269553,1426.4044082613293,1434.8830358628827,222846
2025-12-31,1449.0472412109375,1456.328934589234,1426.204919031163,1446.3540788728692,104260
2026-01-01,1465.6055908203125,1469.2962387091404,1438.2744619594023,1456.3289263512186,125259
2026-01-02,1506.7020263671875,1517.1756253588164,1475.779972201426,1476.2787150105512,301874
2026-01-05,1532.8360595703125,1541.7137056862819,1503.8092532137919,1506.7019857814732,376929
2026-01-06,1537.32470703125,1555.778190019264,1524.3573946612942,1533.933353514423,144419
2026-01-07,1534.2325439453125,1554.08253131023,1521.6642500088292,1531.2400872097985,124884
2026-01-08,1515.9786376953125,1556.0775094251483,1502.213287945047,1529.1453986850977,220702
2026-01-09,1505.5050048828125,1529.6441067369901,1497.525120400324,1499.2207971475032,110712
2026-01-12,1484.4580078125,1511.7891373584218,1453.43623028525,1505.7044996060315,170305
2026-01-13,1498.622314453125,1529.0456237236679,1485.3557079347195,1489.5452203021293,199654
2026-01-14,1496.328125,1502.1135901884163,1479.6701641765271,1490.9416784044708,62224
2026-01-15,1496.328125,1496.328125,1496.328125,1496.328125,0
2026-01-16,1471.7899169921875,1503.2107115603026,1459.620642087028,1483.8594676958367,69940
2026-01-19,1441.0673828125,1464.7078643477005,1409.5468625289436,1464.7078643477005,148115
2026-01-20,1408.250244140625,1433.8855758168327,1393.8864268893315,1426.4044336821362,286687
2026-01-21,1410.0455322265625,1425.406833865117,1369.9466623025355,1387.5023834194385,171236
2026-01-22,1421.11767578125,1441.5661304397572,1407.8511904510744,1408.4496574542577,65136
2026-01-23,1348.2015380859375,1420.419521243405,1336.9300236509532,1416.429578768002,114569
2026-01-27,1327.2542724609375,1365.258448250002,1300.2224379201443,1330.4462993366415,196143
2026-01-28,1344.610595703125,1374.8344582436434,1329.3490172394218,1371.043964238832,155495
2026-01-29,1313.7882080078125,1353.1888876663345,1307.3045518614733,1350.5954495604735,128575
2026-01-30,1370.245849609375,1378.52502836933,1287.4545490633154,1312.6909821519814,178063
2026-02-02,1352.0916748046875,1426.4043489271141,1311.2944911015798,1376.5300709925996,266253
2026-02-03,1420.5191650390625,1466.303776705185,1397.8762914782847,1426.404354209806,313920
2026-02-04,1453.9349365234375,1494.2333777390345,1415.4320180318357,1418.5241989334938,402632
2026-02-05,1470.3934326171875,1489.2459339637774,1450.0447029377472,1453.934920955833,231997
2026-02-06,1460.119384765625,1464.4084995372639,1446.0547412158035,1464.4084995372639,67268
2026-02-09,1464.608154296875,1495.2309134929467,1451.2418229123077,1461.3164031135204,153349
2026-02-10,1412.4395751953125,1484.2585366459216,1408.549357097396,1471.291224161784,210524
2026-02-11,1432.5887451171875,1458.5233702664607,1409.3474040991343,1422.3147166737708,195442
2026-02-12,1424.60888671875,1439.0724279340207,1416.6290019103249,1433.28708450594,66498
2026-02-13,1400.3699951171875,1422.015382956884,1389.996120991772,1416.4294882011598,67487
2026-02-16,1403.9609375,1417.826011253208,1396.4797957371227,1405.4571658525756,41574
2026-02-17,1418.524169921875,1424.4093589930783,1392.5895457385277,1396.779058087707,39686
2026-02-18,1415.332275390625,1445.057271809612,1407.3523909672663,1418.5241804546192,126517
2026-02-19,1421.81591796875,1455.3314078755818,1401.467188529947,1416.429471681512,205237
2026-02-20,1439.1722412109375,1451.341516561983,1403.162914420245,1412.4395790046515,104141
2026-02-23,1447.05224609375,1471.2911937882893,1426.4043438083077,1445.356569355411,190802
2026-02-24,1498.223388671875,1509.4950247886734,1439.5711860025374,1439.5711860025374,810875
2026-02-25,1504.40771484375,1536.1278052417554,1489.3457068203538,1515.1806078975496,319627
2026-02-26,1515.3800048828125,1551.0900364202157,1496.2283309519764,1511.6893570384802,351133
2026-02-27,1558.6708984375,1574.2316486883878,1516.9760754423885,1535.1302637745289,1280544
2026-03-02,1527.948486328125,1569.1445684299233,1506.2032516062072,1521.1655355625603,343736
2026-03-04,1484.05908203125,1525.853630067757,1462.3138478664935,1506.203213013919,263078
2026-03-05,1496.5277099609375,1505.3055102742678,1427.5016326644993,1488.2485306894177,330981
2026-03-06,1524.65673828125,1550.0926210592493,1487.5503226986966,1495.2309131067018,303981
2026-03-09,1487.8494873046875,1506.2032465826082,1466.3038228320756,1496.228390644975,418294
2026-03-10,1451.93994140625,1530.1428328347006,1443.2618658315066,1515.180549593162,263991
2026-03-11,1421.0179443359375,1468.7975283546136,1411.1428126618966,1457.3264440924215,375744
2026-03-12,1430.19482421875,1442.6633935407735,1382.315518022179,1408.5493148176936,131183
2026-03-13,1339.722900390625,1420.220062292957,1332.9400712907689,1416.4295682640811,186142
2026-03-16,1366.2559814453125,1374.2358662676863,1311.6935676776839,1335.7329463524088,212320
2026-03-17,1389.59716796875,1393.8864047632426,1362.2660381178277,1367.552760514446,137175
2026-03-18,1434.583740234375,1443.2619380064723,1385.008754653602,1395.4823534464451,117569
2026-03-19,1392.4898681640625,1422.6138839419173,1387.103421685251,1421.4169499525708,74165
2026-03-20,1387.9014892578125,1411.2426766684014,1369.8470242366325,1401.4672690755478,143841
2026-03-23,1312.790771484375,1376.5301255642655,1307.8033434932001,1376.3306771499701,132378
2026-03-24,1347.0045166015625,1360.7697441900393,1308.3020283973558,1360.7697441900393,107529
2026-03-25,1343.313720703125,1383.3129880501697,1339.623072930556,1366.5551823640074,141754
2026-03-27,1311.2945556640625,1344.5108751092268,1302.7162037896398,1339.3238768906276,116097
2026-03-30,1290.1478271484375,1321.6683459907113,1280.372420110478,1296.731207387113,101529
2026-04-01,1329.947509765625,1345.508259726714,1309.4990563404876,1336.6306141309315,86164
2026-04-02,1330.2467041015625,1332.441245367894,1278.0782829348136,1316.8803733891948,73602
2026-04-06,1328.4512939453125,1337.727836430713,1296.8309291962646,1336.5309024852975,83805
2026-04-07,1318.4764404296875,1331.6432009017947,1309.1000519657944,1328.4512958671542,62104
2026-04-08,1396.2803955078125,1405.3574901406364,1326.7555759344746,1356.4806956033306,272067
2026-04-09,1382.7144775390625,1421.4169671752195,1368.450506645787,1396.280378987367,144108
2026-04-10,1393.08837890625,1421.7162889781196,1386.5049982313526,1401.4672823849285,132190
2026-04-13,1366.3558349609375,1392.1906148053217,1343.1143715820892,1367.6524931937056,178690
2026-04-15,1388.4998779296875,1403.4621610970332,1374.634804508606,1386.5049068407081,296075
2026-04-16,1451.341552734375,1460.7179417576372,1379.0238464984695,1398.4748157619201,439393
2026-04-17,1471.8896484375,1516.1780310660513,1451.2417463250415,1451.3414705270425,513942
2026-04-20,1465.5057373046875,1510.1931391363983,1457.2266802076049,1472.2886878238598,362825
2026-04-21,1453.9349365234375,1485.2560076458092,1449.5459756807413,1471.9894009138043,254219
2026-04-22,1459.6207275390625,1483.9592787742574,1441.9651593567567,1455.1320423379748,263074
2026-04-23,1428.3992919921875,1443.062280711619,1403.9608962842206,1427.401806453087,495322
2026-04-24,1438.773193359375,1444.2593639289373,1396.4797813431644,1419.4219491795163,243234
2026-04-27,1504.70703125,1512.088449060581,1448.149646298159,1456.3289795326484,276399
2026-04-28,1604.954345703125,1615.9266874077455,1500.8168237175053,1511.0909742008203,1843005
2026-04-29,1622.510009765625,1643.6567769852809,1587.9970332696016,1612.136135446867,1064165
2026-04-30,1567.0498046875,1643.856192313813,1521.16546922243,1614.0313499088427,1259192
2026-05-01,1567.0498046875,1567.0498046875,1567.0498046875,1567.0498046875,0
2026-05-04,1770.736328125,1794.4765333020503,1598.2711711677596,1605.951761320901,5778040
2026-05-05,1780.9107666015625,1830.3860266756517,1747.6944483113082,1765.5494644228356,1269929
2026-05-06,1792.6810302734375,1800.4614664793637,1763.5545001304793,1795.4740385943792,339818
2026-05-07,1922.1546630859375,1955.0716863769783,1801.7582053904187,1807.5435485471837,1321100
2026-05-08,1937.5159912109375,1979.0113664779617,1902.2049777588068,1929.037363884797,681938
2026-05-11,1917.167236328125,1975.4204170811963,1880.958461983488,1937.416241795941,519865
2026-05-12,1933.925048828125,1991.8789354034127,1910.184843839032,1923.1521560948584,995583
2026-05-13,1952.3785400390625,1977.8144218808902,1918.6634793237606,1935.1219911037667,481539
2026-05-14,2032.1773681640625,2043.8479004422045,1914.1747784034117,1979.909100774213,1279108
2026-05-15,1948.8873291015625,2043.1497141959644,1936.418759644631,2039.8579631539849,511797
2026-05-18,1943.002197265625,1972.0290034647064,1893.3273663789173,1914.4741338595293,540298
2026-05-19,1914.0750732421875,1961.0566189571014,1898.1153042171043,1951.1814875201562,206876
2026-05-20,1957.4656982421875,1969.834543608025,1895.2225745974695,1909.187372515556,477800
2026-05-21,1940.308837890625,2002.9509789660272,1921.1571640879324,1982.0037824728565,698573
2026-05-22,1942.702880859375,1953.974516558408,1907.2921429588678,1945.6953375833614,207646
2026-05-25,1984.0985107421875,2002.851288048303,1950.1840015705895,1974.02393089977,730185
2026-05-26,1972.427978515625,2018.9107814432139,1966.0440465536435,1999.9585557280848,676749
2026-05-27,1946.0943603515625,2030.8806343802057,1925.047439033598,1983.0013266934425,854759
2026-05-28,1946.0943603515625,1946.0943603515625,1946.0943603515625,1946.0943603515625,0
2026-05-29,2051.129638671875,2111.6769644308383,1956.4682331550587,1963.0516136041047,1682862
2026-06-01,2022.801025390625,2124.6442784214373,2009.9334370982142,2089.7322832361087,911596
2026-06-02,2018.7113037109375,2033.8730353574438,1959.3609135178194,2019.9082376649453,412951
2026-06-03,2150.47900390625,2163.546162046691,2015.020539017782,2019.9082425747115,1528524
2026-06-04,2217.410400390625,2233.968758101137,2110.779291412769,2160.5537234575318,1089810
2026-06-05,2217.809326171875,2234.1682356893625,2176.613366817707,2228.3827706591137,564015
2026-06-08,2149.1826171875,2210.827033765981,2110.6795747923966,2173.521168937917,378782
2026-06-09,2171.526123046875,2202.4481762459804,2124.544454485274,2144.3945637839784,368490
2026-06-10,2162.050048828125,2201.849627056749,2119.756756587012,2171.526162075584,391527
2026-06-11,2122.749267578125,2166.4389433705624,2058.7104952816185,2162.5488468225008,591539
2026-06-12,2162.748291015625,2211.1263439980376,2136.714062227746,2149.5815294247336,467495
2026-06-15,2181.89990234375,2222.7968119121565,2171.526149522467,2203.4456886978087,287659
2026-06-16,2201.10009765625,2277.699951171875,2178.0,2210.0,1037972
2026-06-17,2209.800048828125,2283.5,2195.0,2204.39990234375,753169
2026-06-18,2296.199951171875,2365.0,2230.0,2236.0,1681174
2026-06-19,2321.10009765625,2329.0,2261.10009765625,2273.800048828125,732638
2026-06-22,2353.300048828125,2374.0,2324.10009765625,2332.800048828125,686792
2026-06-23,2368.199951171875,2427.5,2352.0,2369.0,733775
2026-06-24,2438.0,2450.0,2352.300048828125,2359.10009765625,632548
2026-06-25,2488.300048828125,2518.89990234375,2400.10009765625,2455.0,953580
2026-06-26,2488.300048828125,2488.300048828125,2488.300048828125,2488.300048828125,0
2026-06-29,2502.300048828125,2549.0,2451.60009765625,2500.0,584377
2026-06-30,2395.199951171875,2519.0,2320.0,2515.0,2285178
2026-07-01,2381.699951171875,2434.0,2370.0,2420.0,341269
2026-07-02,2393.5,2409.300048828125,2334.60009765625,2391.10009765625,352986
2026-07-03,2343.300048828125,2430.0,2330.0,2417.0,391383
2026-07-06,2295.199951171875,2359.800048828125,2280.0,2346.699951171875,358857
2026-07-07,2190.5,2309.60009765625,2181.0,2285.0,362480
2026-07-08,2188.5,2255.0,2164.0,2190.0,348461
2026-07-09,2206.699951171875,2258.0,2180.0,2180.0,433746
2026-07-10,2225.699951171875,2244.0,2213.0,2240.0,197961
2026-07-13,2374.800048828125,2390.10009765625,2175.0,2193.60009765625,819246
2026-07-14,2345.300048828125,2382.699951171875,2318.0,2378.0,419751
2026-07-15,2291.300048828125,2382.800048828125,2284.0,2355.89990234375,393579
2026-07-16,2403.89990234375,2415.0,2305.0,2305.0,658847
2026-07-17,2293.300048828125,2415.0,2271.300048828125,2415.0,408370
2026-07-20,2332.89990234375,2342.0,2246.300048828125,2295.89990234375,253035
2026-07-21,2345.39990234375,2355.10009765625,2292.89990234375,2330.10009765625,399504
2026-07-22,2432.39990234375,2462.0,2376.0,2399.89990234375,1392986
2026-07-23,2378.300048828125,2467.800048828125,2360.0,2442.0,339428
2026-07-24,2493.60009765625,2506.0,2330.199951171875,2379.89990234375,943722
2026-07-27,2525.300048828125,2584.0,2453.0,2529.0,1757341
2026-07-28,2576.89990234375,2775.0,2516.5,2750.0,3862524
2026-07-29,2558.89990234375,2622.0,2535.0,2599.89990234375,778732
2026-07-30,2562.199951171875,2622.0,2541.10009765625,2558.89990234375,522489
2026-07-31,2602.800048828125,2660.60009765625,2593.0,2600.0,527247
2026-08-03,2631.89990234375,2656.0,2605.10009765625,2634.0,287192
2026-08-04,2641.10009765625,2662.39990234375,2598.699951171875,2639.5,499327
2026-08-05,2793.0,2815.0,2648.5,2654.300048828125,1214785
2026-08-06,2764.39990234375,2810.5,2744.60009765625,2793.0,427544
2026-08-07,2759.5,2794.0,2736.60009765625,2760.0,287031
