ticker,Active_Trading_Days,First_Active_Date,Last_Active_Date
360ONE.NS,1707,2019-09-19,2026-08-07
AARTIIND.NS,2867,2015-01-01,2026-08-07
ABB.NS,2867,2015-01-01,2026-08-07
ABBOTINDIA.NS,2867,2015-01-01,2026-08-07
ABCAPITAL.NS,2210,2017-09-01,2026-08-07
ABFRL.NS,2867,2015-01-01,2026-08-07
ACC.NS,2867,2015-01-01,2026-08-07
ADANIENT.NS,2867,2015-01-01,2026-08-07
ADANIGREEN.NS,2013,2018-06-18,2026-08-07
ADANIPORTS.NS,2867,2015-01-01,2026-08-07
ADANIPOWER.NS,2867,2015-01-01,2026-08-07
AFFLE.NS,1733,2019-08-08,2026-08-07
AIAENG.NS,2867,2015-01-01,2026-08-07
AJANTPHARM.NS,2867,2015-01-01,2026-08-07
ALKEM.NS,2627,2015-12-23,2026-08-07
ALKYLAMINE.NS,2867,2015-01-01,2026-08-07
AMBUJACEM.NS,2867,2015-01-01,2026-08-07
ANGELONE.NS,1449,2020-10-05,2026-08-07
APLAPOLLO.NS,2867,2015-01-01,2026-08-07
APOLLOHOSP.NS,2867,2015-01-01,2026-08-07
APOLLOTYRE.NS,2867,2015-01-01,2026-08-07
ARE&M.NS,2867,2015-01-01,2026-08-07
ASHOKLEY.NS,2867,2015-01-01,2026-08-07
ASTERDM.NS,2089,2018-02-26,2026-08-07
ASTRAL.NS,2867,2015-01-01,2026-08-07
ATUL.NS,2867,2015-01-01,2026-08-07
AUBANK.NS,2246,2017-07-11,2026-08-07
AUROPHARMA.NS,2867,2015-01-01,2026-08-07
AVANTIFEED.NS,2867,2015-01-01,2026-08-07
AXISBANK.NS,2867,2015-01-01,2026-08-07
BAJAJ-AUTO.NS,2867,2015-01-01,2026-08-07
BAJAJFINSV.NS,2867,2015-01-01,2026-08-07
BAJFINANCE.NS,2867,2015-01-01,2026-08-07
BALAMINES.NS,2867,2015-01-01,2026-08-07
BALKRISIND.NS,2867,2015-01-01,2026-08-07
BALRAMCHIN.NS,2867,2015-01-01,2026-08-07
BANDHANBNK.NS,2069,2018-03-27,2026-08-07
BANKBARODA.NS,2867,2015-01-01,2026-08-07
BATAINDIA.NS,2867,2015-01-01,2026-08-07
BECTORFOOD.NS,1392,2020-12-24,2026-08-07
BEML.NS,2867,2015-01-01,2026-08-07
BERGEPAINT.NS,2867,2015-01-01,2026-08-07
BHARATFORG.NS,2867,2015-01-01,2026-08-07
BHARTIARTL.NS,2867,2015-01-01,2026-08-07
BHEL.NS,2867,2015-01-01,2026-08-07
BIKAJI.NS,924,2022-11-16,2026-08-07
BIOCON.NS,2867,2015-01-01,2026-08-07
BLUEDART.NS,2867,2015-01-01,2026-08-07
BLUESTARCO.NS,2867,2015-01-01,2026-08-07
BPCL.NS,2867,2015-01-01,2026-08-07
BRIGADE.NS,2867,2015-01-01,2026-08-07
BRITANNIA.NS,2867,2015-01-01,2026-08-07
BSE.NS,2352,2017-02-03,2026-08-07
BSOFT.NS,2867,2015-01-01,2026-08-07
CANBK.NS,2867,2015-01-01,2026-08-07
CAPLIPOINT.NS,2867,2015-01-01,2026-08-07
CARBORUNIV.NS,2867,2015-01-01,2026-08-07
CARTRADE.NS,1231,2021-08-20,2026-08-07
CDSL.NS,2253,2017-06-30,2026-08-07
CEATLTD.NS,2867,2015-01-01,2026-08-07
CENTRALBK.NS,2867,2015-01-01,2026-08-07
CESC.NS,2867,2015-01-01,2026-08-07
CGPOWER.NS,2867,2015-01-01,2026-08-07
CHAMBLFERT.NS,2867,2015-01-01,2026-08-07
CHOLAFIN.NS,2867,2015-01-01,2026-08-07
CIPLA.NS,2867,2015-01-01,2026-08-07
CLEAN.NS,1253,2021-07-19,2026-08-07
COFORGE.NS,2867,2015-01-01,2026-08-07
COLPAL.NS,2867,2015-01-01,2026-08-07
CONCOR.NS,2867,2015-01-01,2026-08-07
COROMANDEL.NS,2867,2015-01-01,2026-08-07
CROMPTON.NS,2533,2016-05-13,2026-08-07
CSBBANK.NS,1657,2019-12-04,2026-08-07
CUMMINSIND.NS,2867,2015-01-01,2026-08-07
CYIENT.NS,2867,2015-01-01,2026-08-07
DABUR.NS,2867,2015-01-01,2026-08-07
DALBHARAT.NS,1887,2018-12-21,2026-08-07
DATAPATTNS.NS,1145,2021-12-24,2026-08-07
DCBBANK.NS,2867,2015-01-01,2026-08-07
DEEPAKFERT.NS,2867,2015-01-01,2026-08-07
DEEPAKNTR.NS,2867,2015-01-01,2026-08-07
DIVISLAB.NS,2867,2015-01-01,2026-08-07
DLF.NS,2867,2015-01-01,2026-08-07
DMART.NS,2322,2017-03-21,2026-08-07
DRREDDY.NS,2867,2015-01-01,2026-08-07
EASEMYTRIP.NS,1334,2021-03-19,2026-08-07
EICHERMOT.NS,2867,2015-01-01,2026-08-07
ELECON.NS,2867,2015-01-01,2026-08-07
EMAMILTD.NS,2867,2015-01-01,2026-08-07
ENDURANCE.NS,2426,2016-10-19,2026-08-07
ERIS.NS,2253,2017-06-30,2026-08-07
ESCORTS.NS,2867,2015-01-01,2026-08-07
ETERNAL.NS,1250,2021-07-23,2026-08-07
EXIDEIND.NS,2867,2015-01-01,2026-08-07
FACT.NS,2867,2015-01-01,2026-08-07
FEDERALBNK.NS,2867,2015-01-01,2026-08-07
FINCABLES.NS,2867,2015-01-01,2026-08-07
FINEORG.NS,2003,2018-07-02,2026-08-07
FLUOROCHEM.NS,1690,2019-10-16,2026-08-07
FORTIS.NS,2867,2015-01-01,2026-08-07
GAIL.NS,2867,2015-01-01,2026-08-07
GLENMARK.NS,2867,2015-01-01,2026-08-07
GNFC.NS,2867,2015-01-01,2026-08-07
GODREJCP.NS,2867,2015-01-01,2026-08-07
GODREJPROP.NS,2867,2015-01-01,2026-08-07
GRANULES.NS,2867,2015-01-01,2026-08-07
GRASIM.NS,2867,2015-01-01,2026-08-07
GSFC.NS,2867,2015-01-01,2026-08-07
HAPPSTMNDS.NS,1460,2020-09-17,2026-08-07
HATSUN.NS,2867,2015-01-01,2026-08-07
HAVELLS.NS,2867,2015-01-01,2026-08-07
HCLTECH.NS,2867,2015-01-01,2026-08-07
HDFCBANK.NS,2867,2015-01-01,2026-08-07
HDFCLIFE.NS,2157,2017-11-17,2026-08-07
HEIDELBERG.NS,2867,2015-01-01,2026-08-07
HERITGFOOD.NS,2867,2015-01-01,2026-08-07
HEROMOTOCO.NS,2867,2015-01-01,2026-08-07
HGINFRA.NS,2081,2018-03-09,2026-08-07
HINDALCO.NS,2867,2015-01-01,2026-08-07
HINDUNILVR.NS,2867,2015-01-01,2026-08-07
HUDCO.NS,2282,2017-05-19,2026-08-07
ICICIBANK.NS,2867,2015-01-01,2026-08-07
ICICIPRULI.NS,2438,2016-09-29,2026-08-07
IDEA.NS,2867,2015-01-01,2026-08-07
IDEAFORGE.NS,765,2023-07-07,2026-08-07
IDFCFIRSTB.NS,2657,2015-11-06,2026-08-07
IEX.NS,2176,2017-10-23,2026-08-07
IGL.NS,2867,2015-01-01,2026-08-07
IIFL.NS,2867,2015-01-01,2026-08-07
INDIAMART.NS,1758,2019-07-04,2026-08-07
INDIANB.NS,2867,2015-01-01,2026-08-07
INDUSINDBK.NS,2867,2015-01-01,2026-08-07
INFY.NS,2867,2015-01-01,2026-08-07
INOXWIND.NS,2802,2015-04-09,2026-08-07
INTELLECT.NS,2867,2015-01-01,2026-08-07
IOB.NS,2867,2015-01-01,2026-08-07
IOC.NS,2867,2015-01-01,2026-08-07
IPCALAB.NS,2867,2015-01-01,2026-08-07
IRB.NS,2867,2015-01-01,2026-08-07
IRCON.NS,1943,2018-09-28,2026-08-07
IRFC.NS,1368,2021-01-29,2026-08-07
ITC.NS,2867,2015-01-01,2026-08-07
J&KBANK.NS,2867,2015-01-01,2026-08-07
JBMA.NS,2867,2015-01-01,2026-08-07
JINDALSTEL.NS,2867,2015-01-01,2026-08-07
JKCEMENT.NS,2867,2015-01-01,2026-08-07
JSWENERGY.NS,2867,2015-01-01,2026-08-07
JSWSTEEL.NS,2867,2015-01-01,2026-08-07
JUBLFOOD.NS,2867,2015-01-01,2026-08-07
JUBLINGREA.NS,1334,2021-03-19,2026-08-07
JYOTICNC.NS,635,2024-01-16,2026-08-07
KALYANKJIL.NS,1329,2021-03-26,2026-08-07
KANSAINER.NS,2867,2015-01-01,2026-08-07
KARURVYSYA.NS,2867,2015-01-01,2026-08-07
KAYNES.NS,920,2022-11-22,2026-08-07
KEI.NS,2867,2015-01-01,2026-08-07
KIMS.NS,1268,2021-06-28,2026-08-07
KIRLOSENG.NS,2867,2015-01-01,2026-08-07
KNRCON.NS,2867,2015-01-01,2026-08-07
KOTAKBANK.NS,2867,2015-01-01,2026-08-07
KPITTECH.NS,1808,2019-04-22,2026-08-07
LALPATHLAB.NS,2627,2015-12-23,2026-08-07
LATENTVIEW.NS,1168,2021-11-23,2026-08-07
LAURUSLABS.NS,2385,2016-12-19,2026-08-07
LICI.NS,1049,2022-05-17,2026-08-07
LMW.NS,2867,2015-01-01,2026-08-07
LODHA.NS,1316,2021-04-19,2026-08-07
LT.NS,2867,2015-01-01,2026-08-07
LTTS.NS,2442,2016-09-23,2026-08-07
LUPIN.NS,2867,2015-01-01,2026-08-07
M&M.NS,2867,2015-01-01,2026-08-07
MAHLIFE.NS,2867,2015-01-01,2026-08-07
MANAPPURAM.NS,2867,2015-01-01,2026-08-07
MANYAVAR.NS,1108,2022-02-16,2026-08-07
MAPMYINDIA.NS,1148,2021-12-21,2026-08-07
MARICO.NS,2867,2015-01-01,2026-08-07
MARUTI.NS,2867,2015-01-01,2026-08-07
MCX.NS,2867,2015-01-01,2026-08-07
METROPOLIS.NS,1811,2019-04-15,2026-08-07
MOTHERSON.NS,2867,2015-01-01,2026-08-07
MOTILALOFS.NS,2867,2015-01-01,2026-08-07
MPHASIS.NS,2867,2015-01-01,2026-08-07
MRF.NS,2867,2015-01-01,2026-08-07
MUTHOOTFIN.NS,2867,2015-01-01,2026-08-07
NATCOPHARM.NS,2867,2015-01-01,2026-08-07
NAUKRI.NS,2867,2015-01-01,2026-08-07
NAVINFLUOR.NS,2867,2015-01-01,2026-08-07
NBCC.NS,2867,2015-01-01,2026-08-07
NCC.NS,2867,2015-01-01,2026-08-07
NESTLEIND.NS,2867,2015-01-01,2026-08-07
NETWEB.NS,751,2023-07-27,2026-08-07
NEWGEN.NS,2108,2018-01-29,2026-08-07
NFL.NS,2867,2015-01-01,2026-08-07
NHPC.NS,2867,2015-01-01,2026-08-07
NLCINDIA.NS,2867,2015-01-01,2026-08-07
NTPC.NS,2867,2015-01-01,2026-08-07
NYKAA.NS,1176,2021-11-10,2026-08-07
OBEROIRLTY.NS,2867,2015-01-01,2026-08-07
OFSS.NS,2867,2015-01-01,2026-08-07
OIL.NS,2867,2015-01-01,2026-08-07
ONGC.NS,2867,2015-01-01,2026-08-07
PAGEIND.NS,2867,2015-01-01,2026-08-07
PARAGMILK.NS,2529,2016-05-19,2026-08-07
PAYTM.NS,1170,2021-11-18,2026-08-07
PERSISTENT.NS,2867,2015-01-01,2026-08-07
PETRONET.NS,2867,2015-01-01,2026-08-07
PFC.NS,2867,2015-01-01,2026-08-07
PGHH.NS,2867,2015-01-01,2026-08-07
PHOENIXLTD.NS,2867,2015-01-01,2026-08-07
PIDILITIND.NS,2867,2015-01-01,2026-08-07
PIIND.NS,2867,2015-01-01,2026-08-07
PNB.NS,2867,2015-01-01,2026-08-07
PNCINFRA.NS,2771,2015-05-26,2026-08-07
POLICYBZR.NS,1173,2021-11-15,2026-08-07
POLYCAB.NS,1810,2019-04-16,2026-08-07
POWERGRID.NS,2867,2015-01-01,2026-08-07
PRAJIND.NS,2867,2015-01-01,2026-08-07
PRESTIGE.NS,2867,2015-01-01,2026-08-07
RADICO.NS,2867,2015-01-01,2026-08-07
RAINBOW.NS,1054,2022-05-10,2026-08-07
RAMCOCEM.NS,2867,2015-01-01,2026-08-07
RANEHOLDIN.NS,2867,2015-01-01,2026-08-07
RATEGAIN.NS,1150,2021-12-17,2026-08-07
RBLBANK.NS,2457,2016-08-31,2026-08-07
RCF.NS,2867,2015-01-01,2026-08-07
RECLTD.NS,2867,2015-01-01,2026-08-07
RELAXO.NS,2867,2015-01-01,2026-08-07
RELIANCE.NS,2867,2015-01-01,2026-08-07
RKFORGE.NS,2867,2015-01-01,2026-08-07
ROUTE.NS,1458,2020-09-21,2026-08-07
RRKABEL.NS,714,2023-09-20,2026-08-07
RVNL.NS,1813,2019-04-11,2026-08-07
SAIL.NS,2867,2015-01-01,2026-08-07
SANOFI.NS,2867,2015-01-01,2026-08-07
SBILIFE.NS,2189,2017-10-03,2026-08-07
SBIN.NS,2867,2015-01-01,2026-08-07
SCHAEFFLER.NS,2867,2015-01-01,2026-08-07
SENCO.NS,760,2023-07-14,2026-08-07
SHOPERSTOP.NS,2867,2015-01-01,2026-08-07
SHREECEM.NS,2867,2015-01-01,2026-08-07
SHRIRAMFIN.NS,2867,2015-01-01,2026-08-07
SIEMENS.NS,2867,2015-01-01,2026-08-07
SJVN.NS,2867,2015-01-01,2026-08-07
SKFINDIA.NS,2867,2015-01-01,2026-08-07
SOBHA.NS,2867,2015-01-01,2026-08-07
SOLARINDS.NS,2867,2015-01-01,2026-08-07
SONACOMS.NS,1270,2021-06-24,2026-08-07
SONATSOFTW.NS,2867,2015-01-01,2026-08-07
SOUTHBANK.NS,2867,2015-01-01,2026-08-07
SPENCERS.NS,1863,2019-01-25,2026-08-07
SRF.NS,2867,2015-01-01,2026-08-07
SUNDARMFIN.NS,2867,2015-01-01,2026-08-07
SUNPHARMA.NS,2867,2015-01-01,2026-08-07
SUNTECK.NS,2867,2015-01-01,2026-08-07
SUPRAJIT.NS,2867,2015-01-01,2026-08-07
SUPREMEIND.NS,2867,2015-01-01,2026-08-07
SUVEN.NS,2867,2015-01-01,2026-08-07
TANLA.NS,2867,2015-01-01,2026-08-07
TATACHEM.NS,2867,2015-01-01,2026-08-07
TATACONSUM.NS,2867,2015-01-01,2026-08-07
TATAELXSI.NS,2867,2015-01-01,2026-08-07
TATAPOWER.NS,2867,2015-01-01,2026-08-07
TATASTEEL.NS,2867,2015-01-01,2026-08-07
TCS.NS,2867,2015-01-01,2026-08-07
TECHM.NS,2867,2015-01-01,2026-08-07
THERMAX.NS,2867,2015-01-01,2026-08-07
TIINDIA.NS,2168,2017-11-02,2026-08-07
TIMKEN.NS,2867,2015-01-01,2026-08-07
TITAN.NS,2867,2015-01-01,2026-08-07
TORNTPHARM.NS,2867,2015-01-01,2026-08-07
TORNTPOWER.NS,2867,2015-01-01,2026-08-07
TRENT.NS,2867,2015-01-01,2026-08-07
TRIVENI.NS,2867,2015-01-01,2026-08-07
TVSMOTOR.NS,2867,2015-01-01,2026-08-07
UBL.NS,2867,2015-01-01,2026-08-07
UCOBANK.NS,2867,2015-01-01,2026-08-07
ULTRACEMCO.NS,2867,2015-01-01,2026-08-07
UNIONBANK.NS,2867,2015-01-01,2026-08-07
UPL.NS,2867,2015-01-01,2026-08-07
VBL.NS,2413,2016-11-08,2026-08-07
VIJAYA.NS,1215,2021-09-14,2026-08-07
VINATIORGA.NS,2867,2015-01-01,2026-08-07
VMART.NS,2867,2015-01-01,2026-08-07
VOLTAS.NS,2867,2015-01-01,2026-08-07
WHIRLPOOL.NS,2867,2015-01-01,2026-08-07
WIPRO.NS,2867,2015-01-01,2026-08-07
YESBANK.NS,2867,2015-01-01,2026-08-07
ZENSARTECH.NS,2867,2015-01-01,2026-08-07
ZYDUSLIFE.NS,2867,2015-01-01,2026-08-07
