ticker,status,start_date,end_date,rows
360ONE.NS,valid,2019-09-19,2026-08-07,1706
AARTIIND.NS,valid,2015-01-01,2026-08-07,2867
ABB.NS,valid,2015-01-01,2026-08-07,2867
ABBOTINDIA.NS,valid,2015-01-01,2026-08-07,2867
ABCAPITAL.NS,valid,2017-09-01,2026-08-07,2210
ABFRL.NS,valid,2015-01-01,2026-08-07,2867
ACC.NS,valid,2015-01-01,2026-08-07,2867
ADANIENT.NS,valid,2015-01-01,2026-08-07,2867
ADANIGREEN.NS,valid,2018-06-18,2026-08-07,2013
ADANIPORTS.NS,valid,2015-01-01,2026-08-07,2867
ADANIPOWER.NS,valid,2015-01-01,2026-08-07,2867
AFFLE.NS,valid,2019-08-08,2026-08-07,1733
AIAENG.NS,valid,2015-01-01,2026-08-07,2865
AJANTPHARM.NS,valid,2015-01-01,2026-08-07,2866
ALKEM.NS,valid,2015-12-23,2026-08-07,2626
ALKYLAMINE.NS,valid,2015-01-01,2026-08-07,2867
AMBUJACEM.NS,valid,2015-01-01,2026-08-07,2867
ANGELONE.NS,valid,2020-10-05,2026-08-07,1449
APLAPOLLO.NS,valid,2015-01-01,2026-08-07,2867
APOLLOHOSP.NS,valid,2015-01-01,2026-08-07,2867
APOLLOTYRE.NS,valid,2015-01-01,2026-08-07,2867
ARE&M.NS,valid,2015-01-01,2026-08-07,2867
ASHOKLEY.NS,valid,2015-01-01,2026-08-07,2867
ASTERDM.NS,valid,2018-02-26,2026-08-07,2089
ASTRAL.NS,valid,2015-01-01,2026-08-07,2867
ATUL.NS,valid,2015-01-01,2026-08-07,2867
AUBANK.NS,valid,2017-07-11,2026-08-07,2246
AUROPHARMA.NS,valid,2015-01-01,2026-08-07,2866
AVANTIFEED.NS,valid,2015-01-01,2026-08-07,2866
AXISBANK.NS,valid,2015-01-01,2026-08-07,2867
BAJAJ-AUTO.NS,valid,2015-01-01,2026-08-07,2867
BAJAJFINSV.NS,valid,2015-01-01,2026-08-07,2867
BAJFINANCE.NS,valid,2015-01-01,2026-08-07,2867
BALAMINES.NS,valid,2015-01-01,2026-08-07,2867
BALKRISIND.NS,valid,2015-01-01,2026-08-07,2866
BALRAMCHIN.NS,valid,2015-01-01,2026-08-07,2867
BANDHANBNK.NS,valid,2018-03-27,2026-08-07,2069
BANKBARODA.NS,valid,2015-01-01,2026-08-07,2867
BATAINDIA.NS,valid,2015-01-01,2026-08-07,2867
BECTORFOOD.NS,valid,2020-12-24,2026-08-07,1392
BEML.NS,valid,2015-01-01,2026-08-07,2867
BERGEPAINT.NS,valid,2015-01-01,2026-08-07,2867
BHARATFORG.NS,valid,2015-01-01,2026-08-07,2866
BHARTIARTL.NS,valid,2015-01-01,2026-08-07,2867
BHEL.NS,valid,2015-01-01,2026-08-07,2867
BIKAJI.NS,valid,2022-11-16,2026-08-07,923
BIOCON.NS,valid,2015-01-01,2026-08-07,2867
BLUEDART.NS,valid,2015-01-01,2026-08-07,2867
BLUESTARCO.NS,valid,2015-01-01,2026-08-07,2867
BPCL.NS,valid,2015-01-01,2026-08-07,2867
BRIGADE.NS,valid,2015-01-01,2026-08-07,2867
BRITANNIA.NS,valid,2015-01-01,2026-08-07,2867
BSE.NS,valid,2017-02-03,2026-08-07,2352
BSOFT.NS,valid,2015-01-01,2026-08-07,2867
CANBK.NS,valid,2015-01-01,2026-08-07,2867
CAPLIPOINT.NS,valid,2015-01-01,2026-08-07,2866
CARBORUNIV.NS,valid,2015-01-01,2026-08-07,2866
CARTRADE.NS,valid,2021-08-20,2026-08-07,1231
CDSL.NS,valid,2017-06-30,2026-08-07,2253
CEATLTD.NS,valid,2015-01-01,2026-08-07,2867
CENTRALBK.NS,valid,2015-01-01,2026-08-07,2867
CESC.NS,valid,2015-01-01,2026-08-07,2867
CGPOWER.NS,valid,2015-01-01,2026-08-07,2867
CHAMBLFERT.NS,valid,2015-01-01,2026-08-07,2867
CHOLAFIN.NS,valid,2015-01-01,2026-08-07,2867
CIPLA.NS,valid,2015-01-01,2026-08-07,2867
CLEAN.NS,valid,2021-07-19,2026-08-07,1253
COFORGE.NS,valid,2015-01-01,2026-08-07,2867
COLPAL.NS,valid,2015-01-01,2026-08-07,2867
CONCOR.NS,valid,2015-01-01,2026-08-07,2867
COROMANDEL.NS,valid,2015-01-01,2026-08-07,2867
CROMPTON.NS,valid,2016-05-13,2026-08-07,2533
CSBBANK.NS,valid,2019-12-04,2026-08-07,1657
CUMMINSIND.NS,valid,2015-01-01,2026-08-07,2867
CYIENT.NS,valid,2015-01-01,2026-08-07,2867
DABUR.NS,valid,2015-01-01,2026-08-07,2867
DALBHARAT.NS,valid,2018-12-21,2026-08-07,1886
DATAPATTNS.NS,valid,2021-12-24,2026-08-07,1145
DCBBANK.NS,valid,2015-01-01,2026-08-07,2867
DEEPAKFERT.NS,valid,2015-01-01,2026-08-07,2867
DEEPAKNTR.NS,valid,2015-01-01,2026-08-07,2866
DIVISLAB.NS,valid,2015-01-01,2026-08-07,2866
DLF.NS,valid,2015-01-01,2026-08-07,2867
DMART.NS,valid,2017-03-21,2026-08-07,2322
DRREDDY.NS,valid,2015-01-01,2026-08-07,2867
EASEMYTRIP.NS,valid,2021-03-19,2026-08-07,1334
EICHERMOT.NS,valid,2015-01-01,2026-08-07,2867
ELECON.NS,valid,2015-01-01,2026-08-07,2867
EMAMILTD.NS,valid,2015-01-01,2026-08-07,2867
ENDURANCE.NS,valid,2016-10-19,2026-08-07,2426
ERIS.NS,valid,2017-06-30,2026-08-07,2251
ESCORTS.NS,valid,2015-01-01,2026-08-07,2867
ETERNAL.NS,valid,2021-07-23,2026-08-07,1250
EXIDEIND.NS,valid,2015-01-01,2026-08-07,2867
FACT.NS,valid,2015-01-01,2026-08-07,2867
FEDERALBNK.NS,valid,2015-01-01,2026-08-07,2867
FINCABLES.NS,valid,2015-01-01,2026-08-07,2867
FINEORG.NS,valid,2018-07-02,2026-08-07,2003
FLUOROCHEM.NS,valid,2019-10-16,2026-08-07,1690
FORTIS.NS,valid,2015-01-01,2026-08-07,2867
GAIL.NS,valid,2015-01-01,2026-08-07,2867
GLENMARK.NS,valid,2015-01-01,2026-08-07,2867
GNFC.NS,valid,2015-01-01,2026-08-07,2867
GODREJCP.NS,valid,2015-01-01,2026-08-07,2867
GODREJPROP.NS,valid,2015-01-01,2026-08-07,2867
GRANULES.NS,valid,2015-01-01,2026-08-07,2866
GRASIM.NS,valid,2015-01-01,2026-08-07,2867
GSFC.NS,valid,2015-01-01,2026-08-07,2867
GSPL.NS,valid_short_history,2026-05-11,2026-05-11,1
GUJGASLTD.NS,valid_short_history,2026-07-17,2026-08-07,16
HAPPSTMNDS.NS,valid,2020-09-17,2026-08-07,1460
HATSUN.NS,valid,2015-01-01,2026-08-07,2866
HAVELLS.NS,valid,2015-01-01,2026-08-07,2867
HCLTECH.NS,valid,2015-01-01,2026-08-07,2867
HDFCBANK.NS,valid,2015-01-01,2026-08-07,2867
HDFCLIFE.NS,valid,2017-11-17,2026-08-07,2157
HEIDELBERG.NS,valid,2015-01-01,2026-08-07,2867
HERITGFOOD.NS,valid,2015-01-01,2026-08-07,2867
HEROMOTOCO.NS,valid,2015-01-01,2026-08-07,2867
HGINFRA.NS,valid,2018-03-09,2026-08-07,2081
HINDALCO.NS,valid,2015-01-01,2026-08-07,2867
HINDUNILVR.NS,valid,2015-01-01,2026-08-07,2867
HUDCO.NS,valid,2017-05-19,2026-08-07,2282
ICICIBANK.NS,valid,2015-01-01,2026-08-07,2867
ICICIPRULI.NS,valid,2016-09-29,2026-08-07,2438
IDEA.NS,valid,2015-01-01,2026-08-07,2867
IDEAFORGE.NS,valid,2023-07-07,2026-08-07,765
IDFCFIRSTB.NS,valid,2015-11-06,2026-08-07,2657
IEX.NS,valid,2017-10-23,2026-08-07,2176
IGL.NS,valid,2015-01-01,2026-08-07,2867
IIFL.NS,valid,2015-01-01,2026-08-07,2867
INDIAMART.NS,valid,2019-07-04,2026-08-07,1758
INDIANB.NS,valid,2015-01-01,2026-08-07,2867
INDUSINDBK.NS,valid,2015-01-01,2026-08-07,2867
INFY.NS,valid,2015-01-01,2026-08-07,2867
INOXWIND.NS,valid,2015-04-09,2026-08-07,2802
INTELLECT.NS,valid,2015-01-01,2026-08-07,2867
IOB.NS,valid,2015-01-01,2026-08-07,2867
IOC.NS,valid,2015-01-01,2026-08-07,2867
IPCALAB.NS,valid,2015-01-01,2026-08-07,2866
IRB.NS,valid,2015-01-01,2026-08-07,2867
IRCON.NS,valid,2018-09-28,2026-08-07,1943
IRFC.NS,valid,2021-01-29,2026-08-07,1368
ITC.NS,valid,2015-01-01,2026-08-07,2867
J&KBANK.NS,valid,2015-01-01,2026-08-07,2867
JBMA.NS,valid,2015-01-01,2026-08-07,2867
JINDALSTEL.NS,valid,2015-01-01,2026-08-07,2867
JKCEMENT.NS,valid,2015-01-01,2026-08-07,2867
JSWENERGY.NS,valid,2015-01-01,2026-08-07,2867
JSWSTEEL.NS,valid,2015-01-01,2026-08-07,2867
JUBLFOOD.NS,valid,2015-01-01,2026-08-07,2867
JUBLINGREA.NS,valid,2021-03-19,2026-08-07,1334
JYOTICNC.NS,valid,2024-01-16,2026-08-07,635
KALYANKJIL.NS,valid,2021-03-26,2026-08-07,1329
KANSAINER.NS,valid,2015-01-01,2026-08-07,2865
KARURVYSYA.NS,valid,2015-01-01,2026-08-07,2867
KAYNES.NS,valid,2022-11-22,2026-08-07,920
KEI.NS,valid,2015-01-01,2026-08-07,2867
KIMS.NS,valid,2021-06-28,2026-08-07,1268
KIRLOSENG.NS,valid,2015-01-01,2026-08-07,2866
KNRCON.NS,valid,2015-01-01,2026-08-07,2867
KOTAKBANK.NS,valid,2015-01-01,2026-08-07,2867
KPITTECH.NS,valid,2019-04-22,2026-08-07,1808
LALPATHLAB.NS,valid,2015-12-23,2026-08-07,2627
LATENTVIEW.NS,valid,2021-11-23,2026-08-07,1168
LAURUSLABS.NS,valid,2016-12-19,2026-08-07,2385
LICI.NS,valid,2022-05-17,2026-08-07,1049
LMW.NS,valid,2015-01-01,2026-08-07,2865
LODHA.NS,valid,2021-04-19,2026-08-07,1316
LT.NS,valid,2015-01-01,2026-08-07,2867
LTTS.NS,valid,2016-09-23,2026-08-07,2442
LUPIN.NS,valid,2015-01-01,2026-08-07,2867
M&M.NS,valid,2015-01-01,2026-08-07,2867
MAHLIFE.NS,valid,2015-01-01,2026-08-07,2867
MANAPPURAM.NS,valid,2015-01-01,2026-08-07,2867
MANYAVAR.NS,valid,2022-02-16,2026-08-07,1107
MAPMYINDIA.NS,valid,2021-12-21,2026-08-07,1147
MARICO.NS,valid,2015-01-01,2026-08-07,2867
MARUTI.NS,valid,2015-01-01,2026-08-07,2867
MCX.NS,valid,2015-01-01,2026-08-07,2867
METROPOLIS.NS,valid,2019-04-15,2026-08-07,1811
MOTHERSON.NS,valid,2015-01-01,2026-08-07,2867
MOTILALOFS.NS,valid,2015-01-01,2026-08-07,2867
MPHASIS.NS,valid,2015-01-01,2026-08-07,2867
MRF.NS,valid,2015-01-01,2026-08-07,2866
MUTHOOTFIN.NS,valid,2015-01-01,2026-08-07,2867
NATCOPHARM.NS,valid,2015-01-01,2026-08-07,2867
NAUKRI.NS,valid,2015-01-01,2026-08-07,2867
NAVINFLUOR.NS,valid,2015-01-01,2026-08-07,2866
NBCC.NS,valid,2015-01-01,2026-08-07,2867
NCC.NS,valid,2015-01-01,2026-08-07,2867
NESTLEIND.NS,valid,2015-01-01,2026-08-07,2867
NETWEB.NS,valid,2023-07-27,2026-08-07,751
NEWGEN.NS,valid,2018-01-29,2026-08-07,2108
NFL.NS,valid,2015-01-01,2026-08-07,2867
NHPC.NS,valid,2015-01-01,2026-08-07,2867
NLCINDIA.NS,valid,2015-01-01,2026-08-07,2867
NTPC.NS,valid,2015-01-01,2026-08-07,2867
NYKAA.NS,valid,2021-11-10,2026-08-07,1176
OBEROIRLTY.NS,valid,2015-01-01,2026-08-07,2866
OFSS.NS,valid,2015-01-01,2026-08-07,2867
OIL.NS,valid,2015-01-01,2026-08-07,2867
ONGC.NS,valid,2015-01-01,2026-08-07,2867
PAGEIND.NS,valid,2015-01-01,2026-08-07,2865
PARAGMILK.NS,valid,2016-05-19,2026-08-07,2529
PAYTM.NS,valid,2021-11-18,2026-08-07,1170
PERSISTENT.NS,valid,2015-01-01,2026-08-07,2867
PETRONET.NS,valid,2015-01-01,2026-08-07,2867
PFC.NS,valid,2015-01-01,2026-08-07,2867
PGHH.NS,valid,2015-01-01,2026-08-07,2866
PHOENIXLTD.NS,valid,2015-01-01,2026-08-07,2865
PIDILITIND.NS,valid,2015-01-01,2026-08-07,2867
PIIND.NS,valid,2015-01-01,2026-08-07,2867
PNB.NS,valid,2015-01-01,2026-08-07,2867
PNCINFRA.NS,valid,2015-05-26,2026-08-07,2771
POLICYBZR.NS,valid,2021-11-15,2026-08-07,1172
POLYCAB.NS,valid,2019-04-16,2026-08-07,1810
POWERGRID.NS,valid,2015-01-01,2026-08-07,2867
PRAJIND.NS,valid,2015-01-01,2026-08-07,2867
PRESTIGE.NS,valid,2015-01-01,2026-08-07,2867
RADICO.NS,valid,2015-01-01,2026-08-07,2866
RAINBOW.NS,valid,2022-05-10,2026-08-07,1053
RAMCOCEM.NS,valid,2015-01-01,2026-08-07,2866
RANEHOLDIN.NS,valid,2015-01-01,2026-08-07,2867
RATEGAIN.NS,valid,2021-12-17,2026-08-07,1149
RBLBANK.NS,valid,2016-08-31,2026-08-07,2457
RCF.NS,valid,2015-01-01,2026-08-07,2867
RECLTD.NS,valid,2015-01-01,2026-08-07,2867
RELAXO.NS,valid,2015-01-01,2026-08-07,2866
RELIANCE.NS,valid,2015-01-01,2026-08-07,2867
RKFORGE.NS,valid,2015-01-01,2026-08-07,2867
ROUTE.NS,valid,2020-09-21,2026-08-07,1458
RRKABEL.NS,valid,2023-09-20,2026-08-07,712
RVNL.NS,valid,2019-04-11,2026-08-07,1813
SAIL.NS,valid,2015-01-01,2026-08-07,2867
SANOFI.NS,valid,2015-01-01,2026-08-07,2866
SBILIFE.NS,valid,2017-10-03,2026-08-07,2189
SBIN.NS,valid,2015-01-01,2026-08-07,2867
SCHAEFFLER.NS,valid,2015-01-01,2026-08-07,2867
SENCO.NS,valid,2023-07-14,2026-08-07,760
SHOPERSTOP.NS,valid,2015-01-01,2026-08-07,2867
SHREECEM.NS,valid,2015-01-01,2026-08-07,2867
SHRIRAMFIN.NS,valid,2015-01-01,2026-08-07,2867
SIEMENS.NS,valid,2015-01-01,2026-08-07,2866
SJVN.NS,valid,2015-01-01,2026-08-07,2867
SKFINDIA.NS,valid,2015-01-01,2026-08-07,2867
SOBHA.NS,valid,2015-01-01,2026-08-07,2866
SOLARINDS.NS,valid,2015-01-01,2026-08-07,2866
SONACOMS.NS,valid,2021-06-24,2026-08-07,1270
SONATSOFTW.NS,valid,2015-01-01,2026-08-07,2867
SOUTHBANK.NS,valid,2015-01-01,2026-08-07,2867
SPENCERS.NS,valid,2019-01-25,2026-08-07,1863
SRF.NS,valid,2015-01-01,2026-08-07,2867
SUNDARMFIN.NS,valid,2015-01-01,2026-08-07,2867
SUNPHARMA.NS,valid,2015-01-01,2026-08-07,2867
SUNTECK.NS,valid,2015-01-01,2026-08-07,2867
SUPRAJIT.NS,valid,2015-01-01,2026-08-07,2866
SUPREMEIND.NS,valid,2015-01-01,2026-08-07,2867
SUVEN.NS,valid,2015-01-01,2026-08-07,2867
TANLA.NS,valid,2015-01-01,2026-08-07,2867
TATACHEM.NS,valid,2015-01-01,2026-08-07,2867
TATACONSUM.NS,valid,2015-01-01,2026-08-07,2867
TATAELXSI.NS,valid,2015-01-01,2026-08-07,2867
TATAPOWER.NS,valid,2015-01-01,2026-08-07,2867
TATASTEEL.NS,valid,2015-01-01,2026-08-07,2867
TCS.NS,valid,2015-01-01,2026-08-07,2867
TECHM.NS,valid,2015-01-01,2026-08-07,2867
THERMAX.NS,valid,2015-01-01,2026-08-07,2866
TIINDIA.NS,valid,2017-11-02,2026-08-07,2168
TIMKEN.NS,valid,2015-01-01,2026-08-07,2866
TITAN.NS,valid,2015-01-01,2026-08-07,2867
TMCV.NS,valid_short_history,2025-11-12,2026-08-07,186
TORNTPHARM.NS,valid,2015-01-01,2026-08-07,2867
TORNTPOWER.NS,valid,2015-01-01,2026-08-07,2867
TRENT.NS,valid,2015-01-01,2026-08-07,2867
TRIVENI.NS,valid,2015-01-01,2026-08-07,2867
TVSMOTOR.NS,valid,2015-01-01,2026-08-07,2867
UBL.NS,valid,2015-01-01,2026-08-07,2867
UCOBANK.NS,valid,2015-01-01,2026-08-07,2867
ULTRACEMCO.NS,valid,2015-01-01,2026-08-07,2867
UNIONBANK.NS,valid,2015-01-01,2026-08-07,2867
UPL.NS,valid,2015-01-01,2026-08-07,2867
VBL.NS,valid,2016-11-08,2026-08-07,2413
VIJAYA.NS,valid,2021-09-14,2026-08-07,1214
VINATIORGA.NS,valid,2015-01-01,2026-08-07,2867
VMART.NS,valid,2015-01-01,2026-08-07,2866
VOLTAS.NS,valid,2015-01-01,2026-08-07,2867
WHIRLPOOL.NS,valid,2015-01-01,2026-08-07,2867
WIPRO.NS,valid,2015-01-01,2026-08-07,2867
YESBANK.NS,valid,2015-01-01,2026-08-07,2867
ZENSARTECH.NS,valid,2015-01-01,2026-08-07,2867
ZYDUSLIFE.NS,valid,2015-01-01,2026-08-07,2867
